,value
2020-01-01,0.04967141530112327
2020-01-02,-0.007802333731576298
2020-01-03,0.07681704658115358
2020-01-04,0.17037527479742906
2020-01-05,0.0006810480698350788
2020-01-06,0.006706786232792788
2020-01-07,0.19406585986399216
2020-01-08,0.11891214761408606
2020-01-09,0.0012453324908421395
2020-01-10,0.10847287182847598
2020-01-11,0.01389919457417546
2020-01-12,0.01969208488393817
2020-01-13,0.09648538378310945
2020-01-14,-0.1130147714537316
2020-01-15,-0.08815443385371292
2020-01-16,0.03413269285903526
2020-01-17,-0.0048975698647676785
2020-01-18,0.13383437181374427
2020-01-19,0.017631327387637938
2020-01-20,-0.02677253880822794
2020-01-21,0.2670468046029988
2020-01-22,0.10392839404773199
2020-01-23,0.1392829409507201
2020-01-24,-0.003920601753875791
2020-01-25,0.0901400408004938
2020-01-26,0.16169466860954085
2020-01-27,0.0415271482818661
2020-01-28,0.20022040424420576
2020-01-29,0.10861082980330024
2020-01-30,0.14552942020139523
2020-01-31,0.12055223034332536
2020-02-01,0.37197480640270103
2020-02-02,0.19142136186355602
2020-02-03,0.09302408782730152
2020-02-04,0.28707376831875264
2020-02-05,0.08875900849687368
2020-02-06,0.23775382937999362
2020-02-07,0.026924553877082702
2020-02-08,0.09609705776075936
2020-02-09,0.25462588262305696
2020-02-10,0.3148105134212278
2020-02-11,0.26412477992622596
2020-02-12,0.24144721995394708
2020-02-13,0.22892577501938438
2020-02-14,0.1172080419271127
2020-02-15,0.19909991650992676
2020-02-16,0.231044556638961
2020-02-17,0.3888447527423735
2020-02-18,0.3235184554628703
2020-02-19,0.11887670735529288
2020-02-20,0.33361321621658796
2020-02-21,0.2687206876210189
2020-02-22,0.24556081201759689
2020-02-23,0.38044473731782175
2020-02-24,0.4284011570688722
2020-02-25,0.42445331311643913
2020-02-26,0.25342764526809763
2020-02-27,0.31245225639078217
2020-02-28,0.3825239335018022
2020-02-29,0.4529761994592239
2020-03-01,0.3135283593480011
2020-03-02,0.3489039818516906
2020-03-03,0.26286047850301164
2020-03-04,0.25989740988108956
2020-03-05,0.4667947509141186
2020-03-06,0.5271902679173233
2020-03-07,0.39038934928774977
2020-03-08,0.5039677476205278
2020-03-09,0.4458021567216309
2020-03-10,0.35115067514189724
2020-03-11,0.4578263075387932
2020-03-12,0.581514500020091
2020-03-13,0.430152335848041
2020-03-14,0.596223401725979
2020-03-15,0.18380862212114607
2020-03-16,0.5339974793531851
2020-03-17,0.466536032125022
2020-03-18,0.4339546866401603
2020-03-19,0.4790555957258394
2020-03-20,0.27714672299774207
2020-03-21,0.4599605220596223
2020-03-22,0.5236630643800904
2020-03-23,0.6417653080886094
2020-03-24,0.44817297817263524
2020-03-25,0.42517473609622347
2020-03-26,0.46187248841263073
2020-03-27,0.609612500926834
2020-03-28,0.5569714965081372
2020-03-29,0.477144461551007
2020-03-30,0.5874713216245886
2020-03-31,0.5518764296335993
2020-04-01,0.6450572701376263
2020-04-02,0.4840115580821443
2020-04-03,0.527474749195645
2020-04-04,0.5270542449277481
2020-04-05,0.4259376618132942
2020-04-06,0.6079252807185059
2020-04-07,0.6104428766155794
2020-04-08,0.5908727914473786
2020-04-09,0.57292682883116
2020-04-10,0.46087256434917545
2020-04-11,0.5663692026632231
2020-04-12,0.5801863796726242
2020-04-13,0.5402542007886815
2020-04-14,0.6103774529297846
2020-04-15,0.6729352061633815
2020-04-16,0.8271728069885229
2020-04-17,0.6620360945361959
2020-04-18,0.6763574487108306
2020-04-19,0.6491819144474797
2020-04-20,0.4707734808797344
2020-04-21,0.666023311250259
2020-04-22,0.6807218161748256
2020-04-23,0.9270471028147937
2020-04-24,0.6675108914736949
2020-04-25,0.7229258185707107
2020-04-26,0.6953240037523672
2020-04-27,0.5879514733464806
2020-04-28,0.8251256549454781
2020-04-29,0.7920607731481956
2020-04-30,0.801994760969365
2020-05-01,0.6379769171711286
2020-05-02,0.8752191901297546
2020-05-03,0.6007787491424587
2020-05-04,0.805673661187256
2020-05-05,0.972057610773769
2020-05-06,0.6599825120652444
2020-05-07,0.7084304680035783
2020-05-08,0.7810494738581617
2020-05-09,0.7267608683233199
2020-05-10,0.6280661870138687
2020-05-11,0.7960129239866268
2020-05-12,0.6889503515189558
2020-05-13,0.8485640623406266
2020-05-14,0.7152864922392703
2020-05-15,0.9682464525499468
2020-05-16,0.7409517792001113
2020-05-17,0.7930950531987095
2020-05-18,0.9126770229417862
2020-05-19,0.714262965946966
2020-05-20,0.8661194874363166
2020-05-21,0.9801118657896886
2020-05-22,0.6946733632908653
2020-05-23,0.8799091689857605
2020-05-24,0.8934581589429147
2020-05-25,0.9516762630813456
2020-05-26,0.7558230012013485
2020-05-27,0.7534965073662712
2020-05-28,0.9437604216219309
2020-05-29,0.9272888287691018
2020-05-30,0.928663742865913
2020-05-31,0.9442833751665651
2020-06-01,0.8476601784445607
2020-06-02,0.9449121167040522
2020-06-03,0.9570180907033622
2020-06-04,0.8622997979563994
2020-06-05,1.126336487259054
2020-06-06,0.9931664246212993
2020-06-07,0.8326768791953978
2020-06-08,1.023486686164588
2020-06-09,0.8663872546640148
2020-06-10,1.0485879784465344
2020-06-11,1.0917631723585717
2020-06-12,0.8998594790082024
2020-06-13,1.084289420153348
2020-06-14,1.0352539963081078
2020-06-15,1.082206015999449
2020-06-16,1.195703394650937
2020-06-17,0.9875093811707975
2020-06-18,0.9426986727208775
2020-06-19,0.9351449425796164
2020-06-20,0.9485394534311672
2020-06-21,1.0284344073718426
2020-06-22,1.0762838721804597
2020-06-23,1.0758618510173394
2020-06-24,1.1369351923734818
2020-06-25,1.0615411530432124
2020-06-26,1.2116184679566957
2020-06-27,1.0458234733027105
2020-06-28,1.3503301696710102
2020-06-29,1.1469040841740912
2020-06-30,1.0046456901415044
2020-07-01,0.9892962923625636
2020-07-02,1.1506568800785355
2020-07-03,1.0860874564071739
2020-07-04,1.1858578807345106
2020-07-05,1.1678056901681981
2020-07-06,1.1192231328306983
2020-07-07,1.0478507486750872
2020-07-08,0.9870694943988836
2020-07-09,1.09992681804631
2020-07-10,1.2362422890709015
2020-07-11,1.178035880437117
2020-07-12,1.0380767245384397
2020-07-13,1.185992791380299
2020-07-14,1.2132305331536066
2020-07-15,1.0923371479461519
2020-07-16,1.2021194985463601
2020-07-17,1.1985919561819494
2020-07-18,1.0844981509398293
2020-07-19,1.2405980131432621
2020-07-20,1.2669218261307993
2020-07-21,1.3251725941970458
2020-07-22,1.3282717714685506
2020-07-23,1.0911487258548933
2020-07-24,1.1411572550446323
2020-07-25,1.2924673821425527
2020-07-26,1.2983665468984498
2020-07-27,1.3045168168233758
2020-07-28,1.6443092936437855
2020-07-29,1.322149292033172
2020-07-30,1.3846409013674574
2020-07-31,1.37250861008426
2020-08-01,1.3482716552510616
2020-08-02,1.2576297020419895
2020-08-03,1.3710776449408932
2020-08-04,1.2239222978233513
2020-08-05,1.2835470549886498
2020-08-06,1.2647166572652826
2020-08-07,1.3274645223723671
2020-08-08,1.556767061486628
2020-08-09,1.1445987819456445
2020-08-10,1.4059754166278127
2020-08-11,1.1821019068569385
2020-08-12,1.3022044037825025
2020-08-13,1.4643167464437246
2020-08-14,1.3678737850420764
2020-08-15,1.2596954017251418
2020-08-16,1.3019636049776175
2020-08-17,1.4474778471826242
2020-08-18,1.3125055055029853
2020-08-19,1.4132121240184385
2020-08-20,1.4021475454361645
2020-08-21,1.3384544230707438
2020-08-22,1.6240329631494
2020-08-23,1.4790545528342107
2020-08-24,1.2191724883221913
2020-08-25,1.4463562748504368
2020-08-26,1.3675562932821974
2020-08-27,1.5250023696242008
2020-08-28,1.3665310586868504
2020-08-29,1.4403335847689729
2020-08-30,1.5083300531992507
2020-08-31,1.5504309411037591
2020-09-01,1.3498498773667116
2020-09-02,1.4424534908737365
2020-09-03,1.4344331797272778
2020-09-04,1.4226188839715446
2020-09-05,1.6705213276425677
2020-09-06,1.5404981710960957
2020-09-07,1.3799357009520377
2020-09-08,1.6038343874765622
2020-09-09,1.73028790885789
2020-09-10,1.6273429115972835
2020-09-11,1.3781834853323096
2020-09-12,1.4877211710266278
2020-09-13,1.6688597896174575
2020-09-14,1.4774258245224594
2020-09-15,1.5985988102845023
2020-09-16,1.6377043691983555
2020-09-17,1.4735720130831558
2020-09-18,1.566336621020326
2020-09-19,1.2541865190051409
2020-09-20,1.4818985852641615
2020-09-21,1.5651046306438166
2020-09-22,1.4716072239721898
2020-09-23,1.7656507689473806
2020-09-24,1.4654195971436959
2020-09-25,1.5704533826556029
2020-09-26,1.6335559854394526
2020-09-27,1.7706333530029972
2020-09-28,1.488943905363984
2020-09-29,1.754870592082966
2020-09-30,1.6456016193549707
2020-10-01,1.5524515445337592
2020-10-02,1.7028368534504237
2020-10-03,1.6825565719669855
2020-10-04,1.6086530110793014
2020-10-05,1.681679003679725
2020-10-06,1.642191531880089
2020-10-07,1.6980987224769322
2020-10-08,1.7589841517894542
2020-10-09,1.8573968623374268
2020-10-10,1.581037727225749
2020-10-11,1.9241467109596027
2020-10-12,1.521658689927268
2020-10-13,1.707713056761502
2020-10-14,1.7877473832990602
2020-10-15,1.7630389458096478
2020-10-16,1.6786939034396275
2020-10-17,1.7261757267715017
2020-10-18,1.7037119547268877
2020-10-19,1.7000996688838923
2020-10-20,1.850020450665958
2020-10-21,1.8067858859459023
2020-10-22,1.7078174742088745
2020-10-23,1.8730925176638071
2020-10-24,1.819886578593685
2020-10-25,1.8764669347754623
2020-10-26,1.86416770346947
2020-10-27,1.7243294145704433
2020-10-28,1.757234908028496
2020-10-29,1.8940064689460614
2020-10-30,1.8863382313626236
2020-10-31,1.8292351418084045
2020-11-01,1.84908213592124
2020-11-02,1.971139983554746
2020-11-03,1.790240451477863
2020-11-04,1.910131424863992
2020-11-05,1.8412265178891407
2020-11-06,1.8457017591953504
2020-11-07,1.9833716611023338
2020-11-08,1.9620597071879597
2020-11-09,1.9668931322747627
2020-11-10,2.022114145775674
2020-11-11,1.899690745609059
2020-11-12,1.9718097549608218
2020-11-13,1.878611878557522
2020-11-14,1.948079285851254
2020-11-15,1.9086724415511835
2020-11-16,1.9374104398727658
2020-11-17,1.9932506423027276
2020-11-18,1.8579369678212312
2020-11-19,2.1550218600986666
2020-11-20,1.8512054907656925
2020-11-21,1.8364124640224317
2020-11-22,2.0796665090367537
2020-11-23,2.049045787468583
2020-11-24,2.038315596163047
2020-11-25,2.0447622617698014
2020-11-26,1.9867271299442242
2020-11-27,1.9042504664658748
2020-11-28,2.007580455819373
2020-11-29,1.4582706307903106
2020-11-30,2.780095786734201
2020-12-01,1.882354094798289
2020-12-02,1.3396022425659906
2020-12-03,1.7428913266776052
2020-12-04,2.3303451634204997
2020-12-05,1.5490203577568202
2020-12-06,1.3422236835468548
2020-12-07,2.19494976919353
2020-12-08,2.1959732568869783
2020-12-09,1.5944454597030961
2020-12-10,1.6231693555053417
2020-12-11,2.185639949886109
2020-12-12,0.8415325268021407
2020-12-13,0.8740289804987558
2020-12-14,1.425244622998051
2020-12-15,1.8292422786305222
2020-12-16,2.248726052478404
2020-12-17,3.1802849735596417
2020-12-18,2.6861276985616156
2020-12-19,1.8720491760292584
2020-12-20,1.984787033677849
2020-12-21,1.1979765082897529
2020-12-22,1.9851894912060881
2020-12-23,1.7690730888638893
2020-12-24,2.2581748482704715
2020-12-25,1.3382152451581417
2020-12-26,2.415477211392938
2020-12-27,3.2261911304020625
2020-12-28,1.912991881234514
2020-12-29,2.321369377679153
2020-12-30,2.55211519336889
2020-12-31,1.6790236224913309
2021-01-01,2.1792739854483334
2021-01-02,2.010073920625436
2021-01-03,2.0781408788390654
2021-01-04,1.3815921729156266
2021-01-05,2.019608139407154
2021-01-06,2.3983986329963596
2021-01-07,3.1609148862360334
2021-01-08,2.7674166608681654
2021-01-09,3.7225459660092453
2021-01-10,1.3861219496895605
2021-01-11,2.6978565093765425
2021-01-12,2.1466736045906814
2021-01-13,3.751842346574138
2021-01-14,1.3533613717158788
2021-01-15,1.328222526255379
2021-01-16,1.5204858836447823
2021-01-17,0.30088342055215445
2021-01-18,1.5793959826553912
2021-01-19,1.3926938707570415
2021-01-20,2.1203150291809663
2021-01-21,2.2734047806217275
2021-01-22,3.500936671372709
2021-01-23,2.76033907054884
2021-01-24,1.5384770754700776
2021-01-25,1.2812682629213135
2021-01-26,2.3935353372052046
2021-01-27,0.9438134343834863
2021-01-28,3.465167012683483
2021-01-29,2.9435520965770294
2021-01-30,1.6246594783162362
2021-01-31,0.629492376727298
2021-02-01,3.0830978993323304
2021-02-02,1.9083681237979058
2021-02-03,2.9902530495787696
2021-02-04,0.7244578729645061
2021-02-05,1.5204999816369817
2021-02-06,2.0041949597745465
2021-02-07,2.0375844750117937
2021-02-08,1.639947622816605
2021-02-09,2.498279945877999
2021-02-10,1.1459036564939244
2021-02-11,1.8860964119829653
2021-02-12,2.096236505369519
2021-02-13,2.4115510672469993
2021-02-14,2.569291902471112
2021-02-15,1.1002863265297047
2021-02-16,0.7727086634115021
2021-02-17,3.0221414575188073
2021-02-18,2.265851209583673
2021-02-19,1.4012107707547572
2021-02-20,3.2409215804180187
2021-02-21,2.092539707434287
2021-02-22,2.9434377472510613
2021-02-23,2.054014785128087
2021-02-24,3.6485983399055897
2021-02-25,3.404272673954564
2021-02-26,1.8008286812167411
2021-02-27,2.7772567607634846
2021-02-28,2.516300759668118
2021-03-01,3.094905246025879
2021-03-02,1.2280612315359165
2021-03-03,2.5488411679987513
2021-03-04,2.8467395894796703
2021-03-05,0.5930084108615086
2021-03-06,1.0533931898673798
2021-03-07,0.36861425779191936
2021-03-08,1.7844745324443538
2021-03-09,2.5740338046367697
2021-03-10,3.2018856416768227
2021-03-11,2.05927582433582
2021-03-12,3.3028924364570336
2021-03-13,0.8959188334280868
2021-03-14,0.6372940485158762
2021-03-15,1.955561840882705
2021-03-16,2.307252359151446
2021-03-17,1.9738442015247255
2021-03-18,0.34604631996809854
2021-03-19,1.9287039683897693
2021-03-20,0.9564243995961175
2021-03-21,2.535738039064031
2021-03-22,2.2932785968774785
2021-03-23,1.2480961709381158
2021-03-24,1.5889064661306451
2021-03-25,1.1526291824888388
2021-03-26,1.9498567221814624
2021-03-27,2.7641138564009906
2021-03-28,1.211419162931565
2021-03-29,2.4032372124142753
2021-03-30,1.5757939053020473
2021-03-31,1.3657017341901247
2021-04-01,1.9143757120363538
2021-04-02,1.1718061420645007
2021-04-03,1.5570805557222545
2021-04-04,1.0416976859289213
2021-04-05,3.5717801063331116
2021-04-06,2.028210841577383
2021-04-07,1.4402195936059314
2021-04-08,2.1711839285873777
2021-04-09,1.910137560247336
2021-04-10,1.8232243203734215
2021-04-11,2.4913333600347403
2021-04-12,2.606006168037844
2021-04-13,1.575599081911578
2021-04-14,1.539345407484256
2021-04-15,1.7799586422786848
2021-04-16,0.158463068211532
2021-04-17,0.7878471502411581
2021-04-18,3.0934994139556196
2021-04-19,3.3159741708010273
2021-04-20,1.8007711683548973
2021-04-21,2.4612455704446132
2021-04-22,2.2490001236348287
2021-04-23,4.46310464676419
2021-04-24,2.8956599291476612
2021-04-25,1.8976659268153868
2021-04-26,1.2355676475196593
2021-04-27,0.7148429437939419
2021-04-28,2.1627709086937785
2021-04-29,1.3949194037725574
2021-04-30,0.8621970323218606
2021-05-01,1.4827416926059787
2021-05-02,1.1347615971084841
2021-05-03,3.349713308058052
2021-05-04,2.7053118055595604
2021-05-05,1.9936218869467062
2021-05-06,3.1839553111120207
2021-05-07,2.0618946461180947
2021-05-08,1.310972638937389
2021-05-09,3.218499261815726
2021-05-10,2.431128034947727
2021-05-11,1.1702030765388347
2021-05-12,1.8477290575331136
2021-05-13,1.2995053972921942
2021-05-14,0.8937602152285311
2021-05-15,2.740942038025313
2021-05-16,3.5275333123761046
2021-05-17,0.8811459409446869
2021-05-18,2.4503753893524567
2021-05-19,1.4794859447025384
2021-05-20,1.6102996929882432
2021-05-21,1.5260848606089046
2021-05-22,1.3088073842561472
2021-05-23,2.0388173023558616
2021-05-24,1.3352399068711698
2021-05-25,2.216365460623871
2021-05-26,1.9598095124406905
2021-05-27,1.8088415625068721
2021-05-28,1.2739490703667218
2021-05-29,1.5385829355453338
2021-05-30,2.604312980660605
2021-05-31,2.4007337500995045
2021-06-01,1.2179558041611591
2021-06-02,2.079465844343381
2021-06-03,2.601109698697431
2021-06-04,0.6644757751029025
2021-06-05,2.434688153903948
2021-06-06,1.4699009928433227
2021-06-07,2.4564789348745277
2021-06-08,1.3893926747659866
2021-06-09,0.5560943194683847
2021-06-10,0.6979660496934699
2021-06-11,2.0384679573291056
2021-06-12,2.2077780013771857
2021-06-13,1.276546699916473
2021-06-14,2.510873967021899
2021-06-15,0.6707839501848321
2021-06-16,1.9471361610821467
2021-06-17,1.0311870401900345
2021-06-18,1.4785311137582726
2021-06-19,2.0379189370531314
2021-06-20,1.311669307772838
2021-06-21,1.6923555646161397
2021-06-22,2.8050342473715526
2021-06-23,1.538486504381481
2021-06-24,2.6685536896521134
2021-06-25,1.0962345162739053
2021-06-26,2.4238433423322263
2021-06-27,3.1532548965263203
2021-06-28,0.022684399898168506
2021-06-29,1.3624837956236187
2021-06-30,2.461657701744432
2021-07-01,1.837563691165606
2021-07-02,2.2969166986970473
2021-07-03,1.5168118506273436
2021-07-04,2.06927182997832
2021-07-05,1.8754582116863365
2021-07-06,2.934225649327846
2021-07-07,2.2035366746409704
2021-07-08,2.2700821296601617
2021-07-09,1.670498427102026
2021-07-10,1.6099150207420052
2021-07-11,1.6539534497443031
2021-07-12,2.3155617139026377
2021-07-13,1.6632124153437897
2021-07-14,2.2318198855171305
2021-07-15,3.6603206389163514
2021-07-16,2.696899762745354
2021-07-17,1.739181174265727
2021-07-18,2.960971137731156
2021-07-19,1.6735397015827589
2021-07-20,0.3695003718577168
2021-07-21,1.1935309512660766
2021-07-22,0.5033664631793153
2021-07-23,1.718789212766953
2021-07-24,2.014734703351641
2021-07-25,3.3411498498202263
2021-07-26,2.26154189901133
2021-07-27,1.8247195769529085
2021-07-28,2.6635244649467915
2021-07-29,0.23109175279369176
2021-07-30,2.188491646486853
2021-07-31,2.6166921551095736
2021-08-01,0.8171310033761268
2021-08-02,2.9150032345655434
2021-08-03,2.2707971259955313
2021-08-04,1.6677696688793588
2021-08-05,2.506225492885028
2021-08-06,3.816554286243517
2021-08-07,2.1454930040467963
2021-08-08,2.198576469040269
2021-08-09,1.6325112803678046
2021-08-10,1.3201245044281666
2021-08-11,2.6642686532353963
2021-08-12,1.3151329392729063
2021-08-13,2.057252989775514
2021-08-14,1.6178740425879066
2021-08-15,2.3831838605971134
2021-08-16,2.2669296842295585
2021-08-17,2.8300319554063194
2021-08-18,1.5919868809162023
2021-08-19,1.784100051765303
2021-08-20,1.216989027374154
2021-08-21,1.6445653919391108
2021-08-22,2.3018403944358816
2021-08-23,2.6055908933162817
2021-08-24,1.2622677406578995
2021-08-25,2.6956847360845284
2021-08-26,3.084510287043961
2021-08-27,2.3307479225789605
2021-08-28,3.501436650046453
2021-08-29,1.3809686407171415
2021-08-30,1.0042762373508665
2021-08-31,0.5770238008765771
2021-09-01,3.1968354491913464
2021-09-02,2.5234925250832463
2021-09-03,1.9555322632716359
2021-09-04,2.2239749010558563
2021-09-05,1.0996087621612989
2021-09-06,3.956601583693461
2021-09-07,2.103376945580182
2021-09-08,2.0875158356839143
2021-09-09,2.5806132991189537
2021-09-10,2.3848073853893705
2021-09-11,2.179107219423305
2021-09-12,1.3676204356437505
2021-09-13,2.3771746857087965
2021-09-14,3.505619597180027
2021-09-15,3.0763360369239825
2021-09-16,3.2745493013115174
2021-09-17,1.591027458855052
2021-09-18,1.2083161437931351
2021-09-19,1.8993704639202815
2021-09-20,2.0445799298309555
2021-09-21,2.8753532147767586
2021-09-22,0.6460282962281445
2021-09-23,3.2236402555684913
2021-09-24,1.8735936811368084
2021-09-25,1.6584951440420639
2021-09-26,1.1903164997918658
2021-09-27,0.6761146625073844
2021-09-28,2.6585364671695317
2021-09-29,2.058654373750723
2021-09-30,0.9680312802071569
2021-10-01,0.9639369823491071
2021-10-02,1.7313722405678975
2021-10-03,3.3352172202315145
2021-10-04,1.7923269189091162
2021-10-05,0.797485637505515
2021-10-06,1.8034055487312446
2021-10-07,1.7818211442018637
2021-10-08,-0.15750931435325732
2021-10-09,1.9565641067857502
2021-10-10,1.8152523758330577
2021-10-11,2.556965091850735
2021-10-12,3.4791648759562763
2021-10-13,2.901252023638206
2021-10-14,1.7848890475561356
2021-10-15,1.1147792730066637
2021-10-16,4.0586878425998885
2021-10-17,2.0473747472115904
2021-10-18,2.011143433530357
2021-10-19,1.9806999303119974
2021-10-20,2.158467808614284
2021-10-21,1.884511670460846
2021-10-22,1.541070394495811
2021-10-23,1.5625128470076863
2021-10-24,1.9737973838272014
2021-10-25,1.565260183092988
2021-10-26,1.4297233738582684
2021-10-27,2.0851441821535173
2021-10-28,1.9235068347737434
2021-10-29,2.4421888875657976
2021-10-30,1.1866910394640784
2021-10-31,2.3004250285497116
2021-11-01,2.3377895217132525
2021-11-02,1.3329378852325102
2021-11-03,1.8431396677218415
2021-11-04,1.8255046771381995
2021-11-05,1.5056744195125815
2021-11-06,1.6855739126416562
2021-11-07,1.5767371562701613
2021-11-08,2.4265820339279873
2021-11-09,2.17259540983613
2021-11-10,2.2643494113811307
2021-11-11,2.0903754930868446
2021-11-12,1.526149333499696
2021-11-13,1.6984997759719236
2021-11-14,1.9936592152152222
2021-11-15,1.471199495170254
2021-11-16,2.042728357880545
2021-11-17,1.7477222003723794
2021-11-18,1.6983645685459314
2021-11-19,2.0150897922628492
2021-11-20,1.9260717862386045
2021-11-21,1.6754939340380597
2021-11-22,2.1225737157840494
2021-11-23,1.4414467674857965
2021-11-24,1.941537438840036
2021-11-25,1.9256781251382629
2021-11-26,1.6458748069445417
2021-11-27,1.8275696364023652
2021-11-28,1.3453866478051297
2021-11-29,1.988919817473782
2021-11-30,1.647232061769806
2021-12-01,1.5368767875379818
2021-12-02,1.9993874524357516
2021-12-03,1.464372568512848
2021-12-04,1.2441282777575988
2021-12-05,1.1906689056004864
2021-12-06,1.8304516340523405
2021-12-07,1.2555108338907548
2021-12-08,2.15706888522594
2021-12-09,0.9970427992565049
2021-12-10,2.121549523099624
2021-12-11,1.666908843764389
2021-12-12,1.5655806610334768
2021-12-13,1.4221098595429007
2021-12-14,1.6963174108821977
2021-12-15,1.556277156840113
2021-12-16,1.889549123163515
2021-12-17,1.5838178441481614
2021-12-18,1.5856310689791038
2021-12-19,1.4224478678673746
2021-12-20,1.5054388354062023
2021-12-21,1.6058540441811313
2021-12-22,0.9914539867075168
2021-12-23,1.0910398688637817
2021-12-24,1.7094657146933008
2021-12-25,1.5287371089158601
2021-12-26,1.4132734675626648
2021-12-27,1.4649896393790773
2021-12-28,1.5547249620589516
2021-12-29,1.2795135373486328
2021-12-30,1.1989410148117388
2021-12-31,1.4821769999527281
2022-01-01,1.1209025811299047
2022-01-02,1.5278812321197468
2022-01-03,0.8856213151250443
2022-01-04,1.6961340785850805
2022-01-05,1.5201576231022913
2022-01-06,1.446178289663532
2022-01-07,1.6551676555440145
2022-01-08,1.8509936846901243
2022-01-09,1.6466533618477814
2022-01-10,0.78107106393384
2022-01-11,0.9404512343036139
2022-01-12,1.1278697420066115
2022-01-13,1.3141336213695565
2022-01-14,1.4525950034380344
2022-01-15,1.0705651443422488
2022-01-16,1.3353093086224028
2022-01-17,1.0436553905642734
2022-01-18,1.0778059203636767
2022-01-19,0.8302539231977857
2022-01-20,0.9662732694099719
2022-01-21,0.8287288525493341
2022-01-22,0.9324632493320253
2022-01-23,1.5323087551985681
2022-01-24,0.9223875405576244
2022-01-25,1.9879128176494154
2022-01-26,1.3371845594534557
2022-01-27,1.2356310172886422
2022-01-28,0.9136638371168071
2022-01-29,1.3722551259848597
2022-01-30,0.980461805281821
2022-01-31,1.1807470885377525
2022-02-01,1.9031604966157736
2022-02-02,1.0973081562087312
2022-02-03,1.46189911500282
2022-02-04,0.8971551805703419
2022-02-05,1.0886025519500104
2022-02-06,1.621330280780743
2022-02-07,0.892990963744751
2022-02-08,1.6158066394711508
2022-02-09,1.2753886436997057
2022-02-10,0.8853140212857736
2022-02-11,1.2347673667617014
2022-02-12,1.3278023709240552
2022-02-13,1.213570015692186
2022-02-14,0.5469506020508812
2022-02-15,0.7908678562615483
2022-02-16,0.9257444093345486
2022-02-17,0.9686609622609772
2022-02-18,1.1681836112471853
2022-02-19,1.0262832732529492
2022-02-20,0.5633606563509335
2022-02-21,1.069014310256744
2022-02-22,1.129121669531093
2022-02-23,1.1048740713162488
2022-02-24,1.2521621455943146
2022-02-25,1.1690955652835902
2022-02-26,1.047663933678441
2022-02-27,0.8798511874633067
2022-02-28,0.39360361183709447
2022-03-01,1.0117683486226587
2022-03-02,0.9361801800228071
2022-03-03,0.946338516023477
2022-03-04,0.47283128310976297
2022-03-05,0.5225298847243682
2022-03-06,1.153783693837709
2022-03-07,0.8169622826718322
2022-03-08,1.0242700290316071
2022-03-09,0.819306323649949
2022-03-10,0.8107286436505254
2022-03-11,1.0742779345855922
2022-03-12,0.6289703653185716
2022-03-13,0.8036110078570698
2022-03-14,0.627083179154253
2022-03-15,0.6264078885270621
2022-03-16,0.6549961107071558
2022-03-17,0.8053788702288526
2022-03-18,0.5861051432306866
2022-03-19,1.097447558392777
2022-03-20,0.4433295210458606
2022-03-21,0.6466412094542949
2022-03-22,0.5617743762114412
2022-03-23,1.1187780499908047
2022-03-24,0.734642108629148
2022-03-25,0.9762200285072572
2022-03-26,0.21198954574656603
2022-03-27,0.7287637284094264
2022-03-28,0.9065288783266707
2022-03-29,0.6553158274132579
2022-03-30,0.941265734141227
2022-03-31,0.4574260775825009
2022-04-01,1.0264078356592776
2022-04-02,1.2842640316803697
2022-04-03,0.4767340174536879
2022-04-04,0.4429258201563452
2022-04-05,1.0035829107028778
2022-04-06,1.0324302022777723
2022-04-07,0.392691541403569
2022-04-08,0.4144844954117834
2022-04-09,0.44699614887337946
2022-04-10,0.11918736921223944
2022-04-11,0.23791792956825414
2022-04-12,0.20326227447888412
2022-04-13,0.26515622596425703
2022-04-14,0.47608102027045207
2022-04-15,0.5477418972384337
2022-04-16,0.9336186163126916
2022-04-17,0.15995324723782217
2022-04-18,0.7457471699934256
2022-04-19,0.3772447881737887
2022-04-20,0.4175933195367026
2022-04-21,0.6258692710734046
2022-04-22,0.07759780794572485
2022-04-23,0.5201283292606207
2022-04-24,0.4463320588603132
2022-04-25,0.5351227665898322
2022-04-26,0.46512897155072375
2022-04-27,1.1059594113426376
2022-04-28,0.16903836508496567
2022-04-29,0.19205226485080604
2022-04-30,0.1554001844149131
2022-05-01,0.16669019758525686
2022-05-02,0.13310818613236905
2022-05-03,0.672020274647581
2022-05-04,0.7324575807032627
2022-05-05,0.1260734091724545
2022-05-06,0.03858161635701962
2022-05-07,0.4207039461952006
2022-05-08,0.10460335698597881
2022-05-09,0.45114080658791444
2022-05-10,0.3131291585076422
2022-05-11,-0.21147999125592637
2022-05-12,0.6984857946332528
2022-05-13,0.7639885271538817
2022-05-14,0.03237960907090037
2022-05-15,0.09089673922641207
2022-05-16,0.28395781541566967
2022-05-17,0.2895262261852968
2022-05-18,0.37774346198202924
2022-05-19,0.7742325328010761
2022-05-20,0.10907799391394746
2022-05-21,-0.08633602020838296
2022-05-22,-0.26965162426021394
2022-05-23,-0.08414387684744062
2022-05-24,0.11618803426398704
2022-05-25,0.6554844761724533
2022-05-26,-0.04717528160274331
2022-05-27,0.16623548459076876
2022-05-28,0.08516322126826444
2022-05-29,0.43759906311550634
2022-05-30,0.8301517998341584
2022-05-31,-0.0961975688130331
2022-06-01,-0.09277777870141246
2022-06-02,0.3582933081657666
2022-06-03,0.24060348292392952
2022-06-04,0.581039224747837
2022-06-05,0.19319647361580722
2022-06-06,-0.09877861822710894
2022-06-07,0.17719644920769279
2022-06-08,0.3236020651658634
2022-06-09,0.22812663634119137
2022-06-10,0.12515518230516212
2022-06-11,0.28396637084071
2022-06-12,0.3057436320886568
2022-06-13,0.36059364325720417
2022-06-14,0.13154990321382992
2022-06-15,-0.12220749616712853
2022-06-16,-0.03706697515108429
2022-06-17,0.27186259986241695
2022-06-18,-0.3441798003952698
2022-06-19,0.0024938845537624543
2022-06-20,-0.23511876081532546
2022-06-21,-0.11750267924568092
2022-06-22,0.2484004236470545
2022-06-23,-0.086814423738173
2022-06-24,-0.1392221887063083
2022-06-25,-0.5701190044561381
2022-06-26,0.05270489863699501
2022-06-27,0.013465074162142515
2022-06-28,0.45978722780244896
2022-06-29,-0.29053166868409863
2022-06-30,-0.14146210890802563
2022-07-01,-0.14140111110298964
2022-07-02,0.24801075870381717
2022-07-03,-0.2628228939503197
2022-07-04,-0.15953678551214168
2022-07-05,-0.0698832993372906
2022-07-06,-0.20527852431435384
2022-07-07,-0.40420035463542864
2022-07-08,-0.22105228140978683
2022-07-09,0.03380123666964313
2022-07-10,-0.6052518871206154
2022-07-11,-0.2664154040622435
2022-07-12,-0.5253515597970672
2022-07-13,0.03418966435312859
2022-07-14,-0.7902894047684659
2022-07-15,-0.5100188965238189
2022-07-16,-0.23818778883199507
2022-07-17,0.10929684840994186
2022-07-18,-0.3890944476912655
2022-07-19,-0.544938236386338
2022-07-20,0.17695973344478955
2022-07-21,-0.8308005665212695
2022-07-22,-1.0650471923914298
2022-07-23,-0.28241007939841445
2022-07-24,-0.5740396907292069
2022-07-25,-0.7388022775716464
2022-07-26,-0.2289345072516354
2022-07-27,-0.37731023631909066
2022-07-28,-0.6286830486804782
2022-07-29,-0.8525597880697369
2022-07-30,-0.21574027899343412
2022-07-31,-0.2914261330988881
2022-08-01,-0.5252482546293102
2022-08-02,0.04948659430979507
2022-08-03,-0.8345389434113594
2022-08-04,-0.9801800737999442
2022-08-05,-0.7391039524959048
2022-08-06,-0.5542163454471897
2022-08-07,-0.47654771475274216
2022-08-08,-0.6309293759154576
2022-08-09,-0.4619509486132785
2022-08-10,-0.9520384038337097
2022-08-11,-0.15245620436360757
2022-08-12,-0.6192399481123654
2022-08-13,-0.26841485412716537
2022-08-14,-0.5097950086993013
2022-08-15,-0.4845956558754863
2022-08-16,-0.4597004465609692
2022-08-17,-0.5053270716344453
2022-08-18,-0.4558318206883855
2022-08-19,-0.2589118986179282
2022-08-20,-0.6077103157562255
2022-08-21,-0.4629745483991218
2022-08-22,-0.7116053929708528
2022-08-23,-0.2616585290588519
2022-08-24,-0.9056203933204835
2022-08-25,-0.1714295818384669
2022-08-26,-0.732768105914024
2022-08-27,-1.1589622603651444
2022-08-28,-0.7003074142655019
2022-08-29,-0.9520632449902119
2022-08-30,-0.5045636920601393
2022-08-31,-0.9615529595564832
2022-09-01,-0.9086298047392087
2022-09-02,-1.350646003067443
2022-09-03,-0.9284846885675158
2022-09-04,-1.5289655997904887
2022-09-05,-1.285981657856528
2022-09-06,-0.5916954229765307
2022-09-07,-0.5930887812335792
2022-09-08,-0.7102005693023483
2022-09-09,-1.1369396897856106
2022-09-10,-0.87016926269845
2022-09-11,-0.8659456265920354
2022-09-12,-1.2213832806316367
2022-09-13,-0.4318633923527376
2022-09-14,-0.6286832047191903
2022-09-15,-0.9671901530498002
2022-09-16,-0.9018441582115507
2022-09-17,-0.8564040765346531
2022-09-18,-1.540448388455215
2022-09-19,-1.0110901516931157
2022-09-20,-1.1505412203452856
2022-09-21,-1.2554409579234296
2022-09-22,-1.0482940518297503
2022-09-23,-0.4336670149181161
2022-09-24,-0.7897291236018792
2022-09-25,-1.1623446879258301
2022-09-26,-0.8282251655931524
