Default,Rev_gr,EBITDA_gr,Cap_gr,CR,QR,Cash_ratio,WC_cycle,DTA,DTE,LR,EBITDA_debt,IC,CTI,IC_CF,DCR,CFR,CRA,CRE,ROA,ROE,NPM,GPM,OPM,RecT,InvT,PayT,TA,FA,WC
0,1.68,0.78,1.09,5.51,0.85,0.03,97.08,0.23,0.31,1.33,0.47,5.33,-1.21,0.00,-0.63,-0.10,-0.16,-0.20,0.07,0.09,0.04,0.10,0.07,17.89,4.64,186.44,1.57,3.79,3.20
0,1.40,1.34,2.01,2.51,0.27,0.11,166.65,0.30,0.49,1.63,1.31,58.77,-0.73,0.00,-1.00,-0.12,-0.28,-0.65,0.28,0.67,0.13,0.18,0.16,28.16,2.30,71.82,2.22,76.82,4.14
0,0.80,0.23,1.20,0.89,0.67,0.11,35.66,0.31,0.84,2.69,0.29,13.52,1.65,27.57,0.44,0.07,0.17,0.40,0.07,0.18,0.03,0.07,0.04,5.21,37.13,8.25,2.56,7.96,-29.18
0,1.20,1.82,1.59,2.55,0.96,0.01,263.23,0.16,1.22,7.41,0.79,2.75,-0.77,0.00,-0.58,-0.18,-0.10,-0.86,0.06,0.56,0.12,0.68,0.23,2.17,3.85,0.58,0.53,2.92,1.03
0,1.00,1.00,1.00,6.56,4.70,2.72,33.15,0.01,0.08,11.86,19.50,290.50,-2.26,0.00,-32.51,-0.23,-0.24,-5.11,0.10,2.01,0.09,0.33,0.10,7.62,110.08,20.22,1.07,7.23,1.35
0,0.31,0.30,1.91,10.63,0.48,0.09,13.96,0.08,0.08,1.09,1.21,0.00,-2.54,0.00,-3.03,-0.51,-0.30,-0.33,0.10,0.10,0.16,0.24,0.20,22.24,0.61,148.71,0.60,6.08,0.57
0,2.46,5.27,1.15,12.69,2.60,0.39,48.66,0.00,0.00,1.09,1.00,0.00,0.08,0.00,0.00,0.02,0.02,0.03,0.11,0.14,0.10,1.00,0.10,7.50,0.00,0.01,1.16,74.42,1.36
0,5.64,2.46,4.48,1.20,0.54,0.21,44.43,0.00,0.00,5.90,1.00,0.00,1.77,0.00,0.00,0.10,0.26,1.44,0.12,0.66,0.05,0.10,0.06,9.55,6.76,7.64,2.61,1 284.55,8.91
0,4.43,44.77,1.15,4.22,3.07,0.14,54.63,0.01,0.01,1.17,218.00,18.03,0.00,11.82,0.02,0.00,0.00,0.00,0.12,0.14,0.06,0.08,0.07,6.24,18.29,15.34,1.96,3.46,3.83
0,1.44,1.86,1.57,1.93,1.83,0.53,20.45,0.13,0.28,2.27,1.69,35.59,0.21,29.53,0.44,0.01,0.07,0.15,0.22,0.45,0.03,0.07,0.04,9.49,267.43,18.82,6.59,479.77,10.10
0,3.36,-1.00,0.78,1.09,1.04,1.00,357.05,0.00,0.00,3.44,0.00,0.00,-6.50,0.00,0.00,0.43,0.63,1.33,-0.12,-0.24,-0.08,0.97,-0.07,22.87,1.07,0.14,1.46,6.82,16.25
0,2.64,9.10,1.93,1.49,1.24,1.05,-12.65,0.06,0.11,2.04,6.04,39.42,1.71,77.35,10.35,0.21,0.81,1.53,0.43,0.81,0.11,0.15,0.12,38.10,20.29,9.08,3.81,16.74,10.67
0,1.22,0.00,0.98,3.91,0.08,0.06,173.73,0.09,0.11,1.20,-0.19,-1.52,8.46,6.26,-1.63,-0.09,-0.13,-0.18,-0.02,-0.02,-0.01,0.40,-0.01,364.65,1.81,12.51,1.42,4.31,3.15
0,1.00,1.00,1.00,0.95,0.19,0.18,90.76,0.27,3.05,11.18,0.21,464.47,-2.97,-1 199.18,-0.63,-0.68,-0.24,-3.85,0.08,1.31,0.23,0.29,0.23,65.11,4.29,0.74,0.36,1.46,-6.75
0,0.98,-1.00,0.37,0.80,0.41,0.41,-12.08,0.32,9.62,29.68,-0.52,-3.15,-0.29,2.90,0.15,0.05,0.06,0.79,-0.07,-0.92,-0.06,0.18,-0.18,287.46,8.44,6.45,1.06,1.44,-16.98
0,1.06,0.84,0.00,0.65,0.20,0.06,29.60,0.89,-3.62,-4.07,0.63,8.00,-10.29,20.34,1.47,0.25,1.31,-7.24,-0.13,0.72,-0.03,0.11,0.11,24.10,8.41,12.61,5.21,29.72,-11.97
0,1.48,0.10,0.00,1.67,0.91,0.08,19.23,1.18,-5.63,-4.77,0.00,0.03,9.46,1.67,0.02,0.07,0.04,-0.14,0.00,-0.01,0.01,1.00,0.01,18.98,0.00,0.00,0.50,0.53,19.24
0,1.00,1.00,2.26,1.37,0.56,0.02,464.94,0.23,3.25,14.27,0.31,0.00,1.13,0.00,0.18,0.11,0.07,0.83,0.06,0.74,0.09,0.18,0.18,2.05,1.19,19.39,0.63,18.73,1.51
0,1.51,0.94,0.00,26.29,15.76,0.26,296.86,0.56,-2.77,-4.95,0.18,4.75,1.72,-18.07,-0.75,-0.87,-0.59,0.74,-0.35,0.44,-0.51,-0.21,0.21,1.62,2.61,5.31,0.68,4.63,0.64
0,1.00,1.00,1.00,1.18,0.58,0.09,61.51,0.28,0.67,2.42,0.14,0.61,0.91,2.23,0.13,0.04,0.04,0.09,0.02,0.04,0.02,0.28,0.04,4.00,2.43,2.03,0.86,1.80,10.88
0,0.97,1.09,1.05,8.10,5.96,1.64,106.00,0.00,0.00,2.27,1.00,0.33,2.53,2.23,0.00,0.05,0.05,0.13,0.02,0.05,0.02,0.65,0.02,5.96,4.32,9.17,1.03,1.53,3.62
0,2.39,1.17,1.55,0.73,0.07,0.00,269.86,0.05,0.83,15.56,0.61,0.00,7.62,0.00,4.64,0.58,0.31,4.66,0.03,0.43,0.05,0.28,0.08,13.61,1.00,3.03,0.54,1.34,-1.76
0,4.64,0.00,0.00,0.48,0.00,0.00,-276.05,0.64,-4.22,-6.59,-0.08,-0.60,-2.00,2.30,0.16,2.02,0.11,-0.84,-0.05,0.42,-1.01,0.94,-1.01,1 689.97,0.32,1.32,0.05,0.06,-0.47
0,1.15,1.56,0.08,1.16,0.10,0.10,59.64,0.12,0.34,2.94,4.60,6.49,1.33,11.07,6.11,0.25,0.70,0.31,0.33,0.14,0.12,0.47,0.19,0.00,2.91,5.54,2.80,7.82,30.62
0,0.39,0.23,0.86,3.47,1.86,0.00,261.56,0.43,1.57,3.70,0.09,0.91,0.23,1.09,-0.02,-0.05,-0.01,-0.03,-0.04,-0.12,-0.23,0.24,0.24,1.09,0.97,5.01,0.18,0.27,0.69
0,0.95,1.20,1.36,1.17,0.37,0.00,243.50,0.47,2.62,5.57,0.41,5.48,0.61,3.55,0.19,0.27,0.12,0.58,0.19,0.91,0.43,0.59,0.59,7.20,1.84,60.83,0.44,0.53,13.82
0,1.35,-1.00,0.78,0.65,0.19,0.06,62.30,0.58,2.65,4.59,-0.01,-0.15,-16.16,5.97,0.20,0.16,0.11,0.45,-0.06,-0.25,-0.08,0.53,-0.01,23.44,7.81,0.01,0.69,0.80,-8.90
0,1.61,87.56,1.15,1.02,0.78,0.00,112.80,0.30,2.70,8.87,0.48,4.71,-3.96,-0.91,-0.25,-0.02,-0.06,-0.72,0.01,0.14,0.00,0.05,0.05,3.49,27.40,72.08,2.50,33.97,149.86
0,0.00,0.00,0.53,28.49,27.42,27.42,0.00,0.27,0.38,1.42,-0.45,-47.31,-5.57,273.25,2.51,0.00,0.58,0.66,-0.10,-0.12,0.00,0.00,0.00,0.00,0.00,0.41,0.00,0.00,0.00
0,0.81,1.00,1.23,0.84,0.45,0.02,154.34,0.63,5.69,9.04,0.12,1.36,-4.94,-6.92,-0.44,-0.37,-0.29,-2.76,0.05,0.46,0.06,0.18,0.07,2.24,2.15,2.04,0.78,2.51,-5.73
0,1.04,1.19,1.08,1.33,0.66,0.00,69.34,0.35,1.41,3.96,0.36,1.86,-1.35,-1.63,-0.43,-0.06,-0.16,-0.62,0.04,0.15,0.01,0.08,0.04,6.19,9.44,12.88,2.98,68.86,11.88
0,1.16,1.30,1.39,1.18,0.42,0.02,78.52,0.43,2.25,5.22,0.21,2.54,-2.15,-4.19,-0.46,-0.09,-0.21,-1.20,0.06,0.32,0.03,0.04,0.04,7.03,3.67,5.02,2.30,58.77,14.38
0,0.62,0.60,1.43,1.33,0.73,0.35,243.46,0.16,0.31,2.00,2.31,27.18,0.30,12.18,0.64,0.15,0.10,0.24,0.21,0.50,0.31,0.62,0.49,6.05,1.68,10.60,0.67,1.43,5.33
0,0.98,0.59,0.82,1.15,0.35,0.06,318.35,0.50,1.59,3.17,0.16,2.52,-0.37,0.26,-0.04,-0.03,-0.02,-0.06,0.04,0.11,0.06,0.38,0.09,3.35,1.18,3.69,0.66,2.29,7.21
0,1.08,0.73,0.87,0.88,0.14,0.08,83.40,0.34,0.76,2.26,0.39,2.98,1.68,7.28,0.48,0.13,0.17,0.34,0.05,0.11,0.04,0.42,0.08,48.80,3.23,9.80,1.29,2.45,-20.85
0,1.25,2.40,0.94,1.98,0.40,0.19,167.90,0.24,0.41,1.74,0.28,3.12,-2.33,-6.48,-0.66,-0.20,-0.16,-0.26,0.04,0.07,0.05,0.15,0.08,7.48,2.58,16.17,0.84,2.53,2.20
0,1.43,2.15,2.17,1.01,0.49,0.24,13.72,0.25,0.76,3.05,0.65,3.48,0.61,13.06,0.37,0.04,0.10,0.38,0.12,0.44,0.05,0.16,0.07,14.50,8.44,6.67,2.35,8.26,246.33
0,1.43,2.15,2.17,1.01,0.49,0.24,13.72,0.25,0.76,3.05,0.65,3.48,0.61,13.06,0.37,0.04,0.10,0.38,0.12,0.44,0.05,0.16,0.07,14.50,8.44,6.67,2.35,8.26,246.33
0,1.18,1.24,1.14,4.31,1.53,0.09,196.66,0.06,0.07,1.25,5.66,238.66,0.48,267.31,2.62,0.11,0.17,0.21,0.27,0.34,0.18,0.50,0.23,7.54,1.91,8.48,1.52,4.35,2.91
0,0.00,2.24,1.22,0.00,1.00,1.00,0.00,0.11,0.14,1.26,2.03,144.64,-0.87,-4.49,-1.77,0.00,-0.21,-0.27,0.15,0.20,0.00,0.00,0.00,0.00,0.00,0.00,0.00,0.00,0.00
0,1.43,2.15,2.17,1.01,0.49,0.24,13.72,0.25,0.76,3.05,0.65,3.48,0.61,13.06,0.37,0.04,0.10,0.38,0.12,0.44,0.05,0.16,0.07,14.50,8.44,6.67,2.35,8.26,246.33
0,1.43,2.15,2.17,1.01,0.49,0.24,13.72,0.25,0.76,3.05,0.65,3.48,0.61,13.06,0.37,0.04,0.10,0.38,0.12,0.44,0.05,0.16,0.07,14.50,8.44,6.67,2.35,8.26,246.33
0,1.85,3.12,1.99,1.28,0.27,0.03,21.40,0.15,0.57,3.83,1.01,8.36,-0.34,0.25,-0.34,-0.01,-0.07,-0.26,0.18,0.67,0.02,0.05,0.02,45.92,11.48,19.91,8.49,132.52,29.93
0,0.98,1.05,1.03,1.56,0.71,0.01,184.64,0.24,0.55,2.27,0.84,5.92,-0.20,2.06,-0.14,-0.04,-0.03,-0.08,0.11,0.24,0.14,0.42,0.22,2.90,3.00,5.79,0.78,1.82,3.63
0,1.13,1.37,1.02,7.30,1.25,0.76,9.25,0.09,0.11,1.19,15.50,61.23,0.12,0.00,1.68,0.08,0.11,0.18,0.77,1.23,0.53,0.71,0.67,89.15,48.92,158.54,1.44,3.54,4.50
0,9.05,1.00,0.00,1.60,0.10,0.09,69.93,0.25,-2.17,-8.69,0.07,0.30,-190.18,-56.12,-1.48,-0.67,-0.43,3.28,-0.01,0.04,-0.01,0.15,0.00,40.61,1.65,2.27,0.64,1.58,2.33
0,0.50,1.00,0.00,0.75,0.46,0.03,200.19,0.16,-0.96,-6.07,1.31,14.28,-1.38,-14.14,-1.52,-0.11,-0.14,1.01,0.08,-0.61,0.07,0.16,0.08,2.45,7.09,0.82,1.23,13.46,-7.54
0,1.22,2.10,2.72,1.19,0.21,0.03,142.94,0.09,0.64,7.55,1.02,27.06,-0.08,0.43,-0.08,-0.01,-0.01,-0.08,0.10,0.92,0.08,0.23,0.08,8.11,2.05,4.58,1.25,0.00,6.55
0,2.08,1.81,0.00,0.41,0.00,0.00,121.72,0.22,-0.24,-1.07,0.46,0.66,6.25,5.12,2.64,1.13,0.65,-0.65,-0.06,0.06,-0.10,0.25,0.19,12.59,5.24,-15.79,0.58,2.25,-0.49
0,1.48,1.16,1.74,3.02,3.01,3.00,325.47,0.30,0.70,2.29,0.74,6.75,1.00,8.70,0.73,0.55,0.26,0.64,0.19,0.46,0.39,1.00,0.55,24.99,0.00,-1.17,0.47,65.65,0.60
0,1.14,1.00,0.12,0.92,0.14,0.05,91.65,0.54,199.24,369.36,0.13,0.77,1.51,2.17,0.20,0.04,0.11,8.67,-0.02,-1.57,-0.01,0.17,0.03,28.19,2.67,6.29,2.46,26.08,-30.32
0,1.21,1.60,0.99,4.45,0.30,0.14,236.99,0.15,0.22,1.48,0.76,2.80,-0.16,4.48,-0.07,-0.01,-0.01,-0.02,0.05,0.07,0.04,0.26,0.06,59.41,1.19,4.82,1.16,5.34,1.93
0,7.12,1.23,4.02,3.16,0.18,0.10,-52.81,0.64,10.71,16.68,0.15,1.90,-0.29,0.00,-0.02,0.00,-0.01,-0.34,0.04,1.20,0.01,1.00,0.02,17.35,0.00,4.94,4.73,155.53,9.24
0,1 444.83,1 741.52,1 362.36,1.15,0.60,0.06,93.48,0.26,0.62,2.42,0.74,5.04,1.23,8.13,0.61,0.09,0.16,0.77,0.10,0.51,0.06,0.21,0.08,6.04,5.73,11.92,1.69,4.45,21.26
0,1.56,1.00,1.14,4.22,3.93,3.91,25.88,0.13,0.16,1.17,0.99,8.12,0.72,10.31,0.72,0.21,0.10,0.12,0.14,0.16,0.28,0.57,0.25,232.93,11.50,49.16,0.49,0.84,1.50
0,-1.00,3.05,4.29,1.01,1.01,0.00,0.00,0.54,31.50,58.33,0.23,2.83,-0.02,1.00,-0.01,0.00,0.00,-0.26,0.01,1.14,0.00,0.00,0.00,0.00,0.00,0.00,0.00,0.00,0.00
0,0.58,0.00,1.05,2.00,0.56,0.04,462.26,0.28,0.41,1.46,0.00,1.05,-1.80,1.09,-0.20,-0.11,-0.06,-0.08,0.02,0.03,0.04,0.38,0.06,1.83,1.26,13.76,0.50,1.31,1.62
0,0.56,2.40,32.24,2.38,0.99,0.00,315.26,0.05,0.09,1.72,0.27,6.48,0.01,1.95,0.00,0.00,0.00,0.00,0.02,0.06,0.03,0.05,0.02,1.56,2.51,5.73,0.68,122.99,1.07
0,1.00,1.00,1.33,1.79,0.32,0.14,105.37,0.21,0.63,2.97,0.95,19.66,0.79,27.91,0.73,0.17,0.20,0.53,0.26,0.69,0.22,0.55,0.18,17.60,2.08,4.01,1.20,2.30,4.25
0,1.03,0.23,3.72,1.00,1.00,1.00,0.00,0.40,0.85,2.11,0.08,0.00,4.59,0.00,0.36,0.77,0.26,0.48,0.05,0.10,0.16,1.00,0.17,0.00,0.00,0.00,0.33,0.34,13.90
0,0.74,0.61,2.85,1.33,0.48,0.47,328.05,0.54,1.17,2.17,0.11,0.78,1.00,1.84,0.04,0.06,0.03,0.06,0.04,0.08,0.07,0.13,0.06,7.24,1.18,11.63,0.50,1.83,1.81
0,1.23,3.85,1.36,1.77,0.40,0.05,139.56,0.29,0.62,2.16,0.71,6.36,0.23,3.45,0.16,0.02,0.05,0.12,0.13,0.32,0.06,0.21,0.10,13.90,2.30,8.03,2.20,57.10,5.13
0,1.18,1.44,1.17,127.20,30.41,4.26,199.86,0.32,0.47,1.48,0.39,5.88,7.73,56.01,3.60,1.00,1.30,1.82,0.14,0.19,0.11,0.16,0.11,11.02,1.84,11.61,1.30,4.80,1.51
0,1.41,4.16,1.09,1.73,0.72,0.30,55.36,0.28,0.39,1.40,0.91,41.73,-0.08,7.90,-0.07,-0.01,-0.02,-0.03,0.27,0.37,0.12,0.21,0.12,16.91,6.80,18.38,2.21,4.34,9.98
0,2.80,0.00,1.30,1.22,0.51,0.00,41.89,0.29,1.59,5.50,0.00,5.43,0.99,6.83,0.62,0.10,0.21,1.12,0.17,0.93,0.08,0.14,0.10,7.90,16.79,14.02,2.01,423.42,9.74
0,5.72,0.98,20.73,2.97,0.11,0.10,58.81,0.22,0.32,1.43,0.71,12.03,0.85,11.46,0.57,0.18,0.21,0.35,0.24,0.41,0.22,0.16,0.22,33.02,4.78,12.80,1.11,1.81,3.95
0,0.53,1.22,1.00,1.00,1.00,1.00,0.00,0.06,0.06,1.06,0.67,3.24,0.23,2.73,0.15,0.21,0.01,0.01,0.01,0.01,0.21,1.00,0.92,0.00,0.00,0.00,0.04,0.04,195.16
0,1.24,0.00,1.14,6.87,1.35,0.50,-43.07,0.01,0.02,1.69,-6.12,0.00,1.00,0.50,-6.12,-0.13,-0.08,-0.13,-0.08,-0.13,-0.13,0.44,-0.13,17.94,0.88,5.76,0.58,1.27,1.30
0,1.43,4.99,0.35,0.96,0.55,0.01,44.19,0.27,0.80,2.98,0.26,3.21,7.53,59.02,1.98,0.20,0.45,0.83,0.04,0.07,0.02,0.15,0.03,9.08,40.78,73.72,2.27,4.16,-108.69
0,1.47,1.45,1.40,2.56,1.23,1.23,32.34,0.19,0.24,1.24,0.89,5.89,0.56,6.06,0.49,0.05,0.11,0.14,0.10,0.13,0.05,0.14,0.09,0.00,11.29,0.00,2.17,2.94,12.06
0,1.40,1.20,1.51,1.23,0.90,0.73,13.53,0.21,0.81,3.82,0.64,5.77,6.54,39.61,3.19,0.58,1.04,3.11,0.14,0.41,0.08,0.21,0.09,9.29,7.16,4.76,1.80,10.39,7.31
0,1.06,0.26,0.88,0.80,0.57,0.04,276.81,0.27,2.57,9.38,0.32,0.52,1.00,1.64,0.04,0.02,0.01,0.10,0.01,0.08,0.01,0.53,0.02,1.75,5.34,0.46,0.86,2.37,-5.20
0,0.77,0.43,0.56,0.96,0.16,0.16,-285.81,0.21,0.80,3.77,0.89,0.99,5.30,45.63,1.14,0.83,0.23,0.66,-0.01,-0.03,-0.04,0.32,0.16,25.81,24.60,1.16,0.28,0.43,-22.12
0,1.34,1.81,2.29,0.95,0.28,0.26,-21.56,0.21,1.39,6.64,0.96,37.51,1.00,21.25,0.40,0.02,0.11,0.78,0.11,0.78,0.02,0.21,0.05,146.33,10.15,6.08,4.99,13.91,-118.58
0,0.75,0.74,1.53,2.17,1.90,0.01,102.24,0.32,0.60,1.86,0.68,9.15,-0.67,-3.55,-0.45,-0.07,-0.16,-0.32,0.21,0.42,0.10,0.17,0.11,2.84,26.97,9.22,2.21,268.18,3.67
0,1.82,4.18,1.79,1.25,0.34,0.03,18.22,0.31,0.91,2.91,1.19,15.14,0.01,4.38,0.02,0.00,0.01,0.02,0.29,0.88,0.15,0.45,0.23,10.49,5.37,4.32,1.99,6.78,12.71
0,1.24,2.98,1.58,3.36,1.82,1.15,27.33,0.19,0.28,1.48,1.55,126.41,1.00,128.41,1.55,0.27,0.30,0.54,0.30,0.54,0.27,0.33,0.27,13.39,6.31,6.32,1.12,1.97,3.57
0,2.93,2.85,1.51,1.61,1.11,0.45,31.27,0.10,0.18,1.76,2.92,10.18,0.83,11.34,2.27,0.08,0.28,0.48,0.24,0.41,0.07,0.19,0.10,15.18,8.84,10.72,3.41,9.92,12.56
0,1.56,1.00,1.14,4.22,3.93,3.91,25.88,0.13,0.16,1.17,0.99,8.12,0.72,10.31,0.72,0.21,0.10,0.12,0.14,0.16,0.28,0.57,0.25,232.93,11.50,49.16,0.49,0.84,1.50
0,3.02,-1.00,0.18,0.70,0.69,0.30,85.14,0.85,33.63,39.39,-0.05,-2.21,10.36,-27.36,-0.66,-1.82,-0.83,-6.86,-0.06,-0.51,-0.13,1.00,-0.13,4.29,0.00,-0.05,0.45,0.54,-8.54
0,1.37,0.60,1.16,1.02,0.62,0.10,22.35,0.11,2.26,21.40,0.21,1.56,5.23,7.52,0.39,0.03,0.04,0.94,0.01,0.15,0.01,0.12,0.02,2.48,19.03,2.54,1.37,86.20,57.39
0,1.07,1.33,1.68,1.80,1.51,0.00,329.88,0.28,1.64,5.93,0.25,10.29,17.45,182.77,4.34,1.51,1.40,8.92,0.08,0.51,0.09,0.11,0.09,1.89,2.67,0.48,0.92,5 051.63,1.78
0,0.97,0.73,1.30,1.00,1.00,1.00,0.00,0.26,0.35,1.35,0.72,8.93,1.05,10.73,0.75,0.38,0.22,0.30,0.18,0.24,0.31,1.00,0.36,0.00,0.00,0.00,0.59,0.66,3.80
0,514.98,1.01,1 636.40,1.16,0.41,0.04,85.00,0.10,0.51,5.04,0.00,1.26,-0.01,-0.46,0.00,0.00,0.00,0.00,0.03,0.16,0.04,0.11,0.00,2.42,3.61,2.19,0.71,9.87,2.82
0,1.31,1.83,0.00,0.64,0.31,0.19,35.80,0.27,-19.04,-69.96,0.34,12.96,0.84,12.67,0.15,0.06,0.07,-5.78,0.09,-6.86,0.07,1.00,0.07,10.20,0.00,0.15,1.30,3.37,-2.28
0,1.60,2.67,1.19,1.81,0.35,0.05,152.30,0.13,0.28,2.15,0.98,14.28,15.31,233.29,13.78,1.64,1.77,4.13,0.10,0.23,0.09,0.15,0.11,6.32,1.41,2.23,1.08,2.24,2.49
0,1.50,14.84,1.10,1.50,0.91,0.19,64.62,0.20,0.56,2.89,0.39,4.49,3.91,19.69,1.20,0.14,0.27,0.71,0.04,0.10,0.02,0.14,0.04,5.99,11.93,13.55,1.97,5.51,8.15
0,0.86,2.15,1.70,3.42,0.08,0.08,147.91,0.24,0.75,3.08,0.34,1.95,1.86,2.89,0.95,0.63,0.25,0.90,0.13,0.48,0.34,0.45,0.22,2 546.35,1.62,4.71,0.40,0.49,2.92
0,1.24,1.41,2.13,2.46,0.81,0.10,169.54,0.52,6.71,12.94,0.21,1.62,1.00,0.00,0.21,0.08,0.15,1.89,0.06,0.72,0.03,0.24,0.08,83.36,1.72,7.69,1.92,259.53,2.34
0,1.14,1.13,1.34,5.04,4.29,2.86,145.05,0.32,0.54,1.70,1.56,42.02,0.09,21.39,0.14,0.06,0.06,0.09,0.48,0.73,0.51,0.81,0.65,5.72,3.22,11.32,0.93,2.07,1.95
0,1.34,1.48,1.30,2.55,2.55,2.55,0.00,0.35,0.54,1.54,0.54,0.00,0.00,1.04,0.00,0.00,0.00,0.00,0.18,0.29,0.31,1.00,0.31,0.00,0.00,-0.01,0.59,5.84,0.99
0,1.55,1.62,1.31,1.01,0.56,0.12,-3.26,0.23,1.05,4.63,0.59,4.34,1.00,6.18,0.36,0.06,0.09,0.43,0.07,0.35,0.05,0.31,0.06,7.13,2.99,2.07,1.60,6.86,142.77
0,0.14,-1.00,0.78,2.10,1.13,1.33,-58.12,0.37,2.24,6.13,-0.03,0.00,1.00,0.00,-0.03,-0.09,-0.01,-0.07,-0.04,-0.27,-0.35,0.15,-0.09,-6.28,0.23,0.06,0.12,13.01,0.27
0,0.71,0.88,1.12,7.27,4.21,3.25,58.93,0.07,0.08,1.11,1.56,27.87,0.00,0.00,0.00,0.00,0.00,0.00,0.12,0.14,0.10,0.19,0.09,20.94,4.31,8.44,1.20,4.09,2.01
0,1.47,2.02,3.30,4.44,1.38,0.54,153.92,0.31,0.45,1.45,0.55,0.00,1.00,0.00,0.55,0.23,0.29,0.38,0.29,0.38,0.23,0.31,0.23,15.52,2.79,1 111.21,1.24,2.23,2.94
0,2.62,1.00,1.09,1.67,1.28,0.35,256.19,0.09,0.14,1.68,2.25,2.76,1.00,3.84,0.33,0.02,0.03,0.05,0.03,0.05,0.02,0.84,0.02,9.08,1.69,0.88,1.74,3.99,6.47
0,1.31,1.83,0.00,0.64,0.31,0.19,35.80,0.27,-19.04,-69.96,0.34,12.96,0.84,12.67,0.15,0.06,0.07,-5.78,0.09,-6.86,0.07,1.00,0.07,10.20,0.00,0.15,1.30,3.37,-2.28
0,0.96,-1.00,0.00,0.25,0.14,0.00,99.98,0.00,0.00,-0.35,0.00,0.00,-0.04,0.00,0.00,0.00,0.01,-0.02,-0.14,0.36,-0.09,0.85,-0.09,36.76,4.05,0.49,1.51,1.62,-3.93
0,1.14,1.68,1.00,0.44,0.18,0.01,-15.35,0.19,0.92,4.94,0.36,1.96,-2.08,-2.99,-0.73,-0.11,-0.15,-0.68,0.04,0.16,0.03,0.11,0.05,8.54,11.89,4.11,1.40,2.17,-3.07
0,2.86,2.61,2.11,1.02,0.83,0.00,20.72,0.26,11.75,45.50,0.12,1.82,-15.13,0.00,-0.82,-0.08,-0.25,-13.03,0.01,0.72,0.00,0.23,0.01,3.97,11.43,3.54,2.99,217.88,116.47
0,1.04,1.16,2.26,1.00,1.00,1.00,191.04,0.66,1.90,2.90,0.38,2.21,0.46,3.10,0.18,0.20,0.20,0.47,0.40,0.94,0.40,0.49,0.43,0.00,1.91,0.00,1.00,1.41,3.13
0,162.51,78.06,0.29,1.00,0.72,0.00,114.36,0.32,1 980.79,6 102.90,0.04,7.99,-0.03,-0.46,0.00,0.00,0.00,-1.08,0.02,33.39,0.02,0.03,0.03,1.44,13.13,2.20,1.03,1 569.33,3 429.77
0,1.58,0.13,1.99,1.05,0.48,0.23,33.12,0.12,0.59,5.00,0.09,0.00,1.61,11.45,1.55,0.10,0.28,1.22,0.17,0.76,0.06,0.12,0.01,10.76,5.65,5.58,2.75,18.95,42.62
0,1.01,1.16,1.03,1.51,0.28,0.03,191.63,0.38,0.77,2.00,0.22,1.29,15.09,39.87,2.36,0.69,0.91,1.84,0.01,0.03,0.01,0.21,0.05,10.65,1.81,8.16,1.31,5.94,5.09
0,1.40,1.20,1.51,1.23,0.90,0.73,13.53,0.21,0.81,3.82,0.64,5.77,6.54,39.61,3.19,0.58,1.04,3.11,0.14,0.41,0.08,0.21,0.09,9.29,7.16,4.76,1.80,10.39,7.31
0,0.95,3.26,1.08,22.70,0.04,0.02,16.46,0.24,0.32,1.32,0.33,0.00,0.63,3.67,0.15,0.16,0.04,0.05,0.06,0.08,0.26,1.00,0.37,5 664.70,0.00,-22.26,0.22,0.23,3.02
0,0.85,0.88,0.00,0.76,0.24,0.07,-137.54,0.10,-1.89,-19.88,0.17,0.00,1.15,2.76,0.35,0.05,0.03,-0.69,0.00,0.05,0.00,0.07,0.02,4.29,0.99,1.64,0.62,3.22,-2.60
0,0.66,2.14,3.23,1.35,0.23,0.11,32.75,0.61,9.42,15.41,0.24,0.46,1.00,1.46,0.09,0.05,0.05,1.24,0.00,0.05,0.00,0.86,0.05,8.57,1.35,1.30,0.88,1.58,8.59
0,0.85,2.43,0.95,1.25,0.39,0.04,114.74,0.06,0.13,2.02,1.55,15.50,0.70,15.49,0.98,0.08,0.06,0.12,0.07,0.16,0.10,0.18,0.11,8.27,2.33,4.25,0.74,1.37,7.16
0,0.94,0.98,1.29,0.20,0.01,0.04,-1.90,0.21,0.32,1.54,1.11,20.25,0.90,19.19,1.00,0.66,0.23,0.36,0.25,0.40,0.73,1.00,0.73,-191.67,0.00,0.00,0.35,0.62,-2.79
0,1.00,0.00,0.56,1.03,0.85,0.38,411.49,0.52,2.48,4.74,-0.25,-5.97,1.00,-4.92,-0.27,-0.40,-0.18,-0.48,-0.21,-0.57,-0.48,0.89,-0.41,4.58,1.10,0.36,0.45,0.63,34.44
0,5.72,4.21,1.22,0.87,0.66,0.01,205.16,0.16,0.33,2.00,0.76,13.44,-1.23,-9.07,-0.75,-0.28,-0.16,-0.27,0.12,0.20,0.21,0.59,0.23,2.77,4.59,60.37,0.57,0.78,-7.31
0,1.24,1.17,1.32,5.58,4.12,2.81,63.66,0.24,0.46,1.93,0.93,16.31,-0.74,2.73,-0.40,-0.12,-0.11,-0.21,0.15,0.28,0.15,0.95,0.16,5.73,0.29,0.78,0.95,2.68,1.70
0,0.57,0.44,0.92,2.32,0.78,0.14,372.40,0.20,0.33,1.61,0.30,2.90,1.00,-0.79,-0.18,-0.08,-0.04,-0.06,0.04,0.06,0.09,0.19,0.14,1.64,1.83,7.24,0.44,1.89,0.95
0,0.63,0.43,1.17,2.30,0.11,0.11,69.43,0.20,0.31,1.53,0.28,2.93,26.02,141.97,13.48,1.00,2.87,4.52,0.06,0.09,0.02,0.09,0.02,0.00,3.46,10.10,2.87,13.51,6.07
0,0.84,1.00,0.00,0.64,0.04,0.04,105.53,0.71,-1.48,-2.09,0.32,0.00,29.02,-50.76,-1.53,-0.37,-0.72,1.74,0.15,-0.36,0.08,-0.01,-0.01,70.16,2.16,5.33,1.95,64.29,-5.55
0,0.94,1.89,1.15,1.37,0.58,0.00,19.28,0.12,3.54,30.22,0.70,1.21,2.09,6.41,0.84,0.19,0.11,3.18,0.09,2.64,0.16,0.26,0.05,4.73,7.69,3.47,0.58,0.90,4.76
0,2.02,3.52,2.61,1.08,0.41,0.23,3.30,0.44,1.22,2.80,0.62,7.97,0.54,721.80,0.32,0.16,0.15,0.56,0.24,0.89,0.26,0.60,0.30,18.87,2.33,2.12,0.94,1.43,28.74
0,1.38,1.84,12.94,3.63,1.27,0.04,44.96,0.00,0.00,1.21,1.00,98.63,0.98,98.58,0.00,0.12,0.42,0.69,0.42,0.69,0.12,0.17,0.12,17.11,12.14,56.78,3.41,7.14,7.93
0,1.50,2.34,1.89,1.59,1.21,0.39,34.54,0.20,0.48,2.44,1.36,14.01,4.79,70.00,5.66,0.59,1.61,3.58,0.29,0.64,0.11,0.19,0.12,6.72,17.10,8.88,2.74,14.67,6.09
0,6.92,1.67,1.51,0.06,0.06,0.06,1.07,0.10,0.11,1.11,1.97,0.00,1.00,0.00,1.97,0.75,0.23,0.27,0.23,0.26,0.73,0.79,0.75,0.00,342.26,0.00,0.31,0.31,-2.79
0,1.05,1.17,6.32,1.98,1.89,0.11,180.92,0.16,0.43,2.64,1.61,5.89,0.20,7.96,0.16,0.01,0.03,0.12,0.12,0.48,0.04,0.90,0.05,5.52,3.18,0.34,3.16,15.28,6.46
0,1.39,1.44,0.72,1.00,1.00,1.00,16.66,0.42,0.72,1.72,0.84,5.11,1.42,8.04,0.99,0.48,0.37,0.59,0.32,0.50,0.41,0.82,0.41,0.00,21.90,0.78,0.78,0.80,19.98
0,0.87,1.06,1.17,2.81,0.31,0.29,338.83,0.09,0.15,1.61,0.93,16.77,1.00,46.82,2.49,0.41,0.26,0.41,0.10,0.15,0.15,0.41,0.15,124.88,1.07,85.78,0.63,2.98,1.11
0,0.96,0.84,1.02,0.71,0.51,0.14,-4.88,0.11,0.16,1.45,0.46,-0.54,-4.89,21.34,0.68,0.38,0.08,0.11,-0.02,-0.02,-0.08,0.09,-0.03,8.36,26.77,5.87,0.21,0.22,-11.23
0,0.58,0.59,0.46,1.03,0.33,0.16,50.50,0.56,19.30,34.31,0.14,771.34,-3.94,-4.57,-0.57,-0.22,-0.42,-6.97,0.09,1.56,0.05,0.16,0.06,9.14,5.32,6.29,1.92,30 783.19,50.63
0,1.20,2.20,1.00,1.24,0.31,0.12,-305.24,0.47,8.78,18.80,0.29,7.00,0.02,2.14,0.01,0.00,0.00,-0.44,0.08,-12.75,0.11,0.52,0.19,10.10,0.49,1.07,0.79,6.38,4.15
0,0.77,0.71,1.03,3.24,1.19,1.19,47.81,0.07,0.08,1.21,0.74,2.63,37.74,167.22,47.00,1.52,3.26,3.96,0.05,0.06,0.02,0.10,0.02,0.00,4.82,13.06,2.14,4.84,5.42
0,1.51,1.18,1.34,0.52,0.51,0.07,47.79,0.31,1.17,3.76,1.21,4.78,1.84,11.25,0.58,0.09,0.19,0.78,0.07,0.29,0.03,1.00,0.05,7.64,0.00,0.00,2.08,3.77,-5.91
0,1.09,1.31,1.31,0.84,0.40,0.00,250.72,0.39,2.14,5.52,0.90,0.92,19.49,27.40,2.17,0.50,0.91,5.28,0.05,0.27,0.03,0.91,0.03,10.49,1.69,0.35,1.81,2.98,-23.97
0,-1.00,0.97,1.04,5.01,4.82,4.24,0.00,0.18,0.22,1.25,0.46,-4.84,-0.27,2.73,0.21,0.00,0.04,0.05,0.04,0.05,0.00,0.00,0.00,0.00,0.00,0.23,0.00,0.00,0.00
0,1.00,1.00,1.42,5.39,2.09,0.20,91.30,0.08,0.10,1.34,3.41,29.55,0.18,6.80,0.58,0.02,0.05,0.07,0.29,0.38,0.12,0.27,0.12,10.19,5.06,21.94,2.47,96.75,2.61
0,0.49,-1.00,0.95,1.02,0.36,0.01,181.64,0.17,1.43,8.21,-0.03,-2.86,5.28,6.53,0.69,0.10,0.10,0.95,-0.01,-0.05,-0.01,0.07,0.00,4.50,2.09,4.93,1.07,15.80,57.89
0,0.89,0.46,0.77,2.58,1.61,0.44,98.19,0.08,0.12,1.54,1.17,4.35,2.26,41.51,1.70,0.08,0.12,0.18,0.01,0.01,0.00,0.14,0.03,3.95,10.55,12.62,1.57,13.13,3.46
0,1.44,1.36,2.42,0.80,0.41,0.41,129.34,0.06,0.38,6.39,1.81,6.89,6.30,0.00,9.75,0.67,0.69,5.23,0.11,0.83,0.11,0.36,0.12,0.00,2.82,0.95,1.04,2.55,-5.27
0,1.65,1.70,1.09,1.24,0.86,0.07,4.89,0.10,0.30,2.96,1.41,0.00,-0.81,-4.45,-1.14,-0.05,-0.14,-0.36,0.09,0.23,0.03,0.16,0.06,6.76,16.96,5.17,2.96,12.36,15.27
0,2.16,6.01,1.04,1.48,1.23,0.02,38.29,0.09,0.14,1.58,2.45,8.91,0.89,15.37,1.63,0.15,0.15,0.23,0.10,0.16,0.10,0.48,0.16,4.48,11.79,4.92,1.01,1.40,8.74
0,0.95,1.03,1.13,8.94,1.35,0.40,32.33,0.09,0.10,1.10,1.63,12.09,0.08,2.26,0.10,0.01,0.01,0.01,0.11,0.12,0.15,0.31,0.17,11.29,0.89,0.00,0.74,2.60,1.07
0,1 096.46,1 724.41,2 436.22,1.74,0.42,0.07,86.17,0.12,0.30,2.46,2.03,30.42,2.42,1 630.26,4.99,0.54,1.21,2.99,0.48,1.18,0.21,0.29,0.22,14.47,3.62,9.17,2.25,9.98,3.42
0,1.14,1.23,0.82,1.00,1.00,1.00,-20.81,0.57,1.34,2.34,0.75,7.92,0.84,7.78,0.63,0.14,0.38,0.76,0.45,0.91,0.16,0.24,0.16,0.00,30.63,11.15,2.82,3.66,14.06
0,1.20,1.68,2.25,1.21,0.34,0.09,60.50,0.23,0.76,3.30,0.91,6.14,0.00,1.32,0.00,0.00,0.00,0.00,0.20,0.77,0.08,0.22,0.08,11.39,4.50,6.92,2.42,11.41,14.29
0,1.19,2.17,0.76,1.03,0.09,0.02,56.42,0.27,5.64,20.69,0.41,2.53,0.90,2.22,0.13,0.02,0.04,0.65,0.04,0.60,0.02,0.01,0.04,17.83,2.78,3.83,2.22,183.83,75.79
0,504.34,1 076.28,1 516.57,2.78,1.10,0.01,61.18,0.12,0.19,1.65,1.52,6.49,-0.61,-2.39,-0.82,-0.32,-0.19,-0.32,0.41,0.68,0.68,0.76,0.52,2.00,0.60,3.00,0.61,2.71,0.61
0,1.76,1.53,4.47,1.00,1.00,1.00,39.65,0.34,0.53,1.53,1.11,0.00,0.17,2.89,0.19,0.03,0.12,0.16,0.60,0.81,0.15,0.57,0.18,0.00,9.20,0.00,3.93,4.71,11.91
0,1 745.54,1 262.51,1 497.47,3.11,2.23,1.43,26.99,0.19,0.24,1.24,1.44,10.38,1.05,12.09,1.52,0.13,0.59,0.73,0.50,0.61,0.11,0.18,0.13,31.85,23.50,0.00,4.45,9.76,6.02
0,2.24,1.31,2.25,1.00,1.00,1.00,159.70,0.00,0.00,1.00,1.00,36.53,1.10,41.05,0.00,0.09,0.11,0.35,0.10,0.31,0.08,0.11,0.08,6.28,2.01,4.57,1.33,36.57,3.19
0,1.32,1.00,0.00,0.85,0.00,0.02,172.03,0.26,-1.58,-6.20,0.03,0.00,20.80,10.16,0.60,0.25,0.17,-0.94,0.01,-0.03,0.01,0.66,0.01,-43.57,0.40,-2.02,0.65,60.65,-3.55
0,3.64,47.13,2.84,1.53,0.40,0.33,38.40,0.12,0.24,1.98,3.15,0.00,0.32,14.91,0.95,0.03,0.16,0.34,0.49,1.06,0.10,0.42,0.11,70.95,5.95,13.01,4.88,13.15,18.37
0,1.35,1.35,1.17,8.27,3.52,2.11,-67.54,0.68,2.32,3.42,0.28,0.00,1.00,4.41,0.09,0.16,0.06,0.22,0.06,0.22,0.16,0.97,0.16,10.50,0.66,3.57,0.39,0.84,1.63
0,1.51,1.93,0.91,0.95,0.00,0.06,-27.36,0.02,0.04,1.58,4.50,0.00,-113.58,195.74,10.98,0.45,0.30,0.40,-0.01,-0.01,-0.01,0.23,0.00,-188.15,14.56,7.23,0.67,0.82,-66.45
0,1.14,1.00,1.26,0.42,0.29,0.09,51.49,0.52,8.49,16.18,0.94,13.17,0.16,4.12,0.15,0.12,0.08,1.44,0.03,0.53,0.04,1.00,0.71,7.09,0.00,0.01,0.68,0.90,-1.80
0,0.58,1.00,1.05,2.00,0.56,0.04,462.26,0.28,0.41,1.46,0.11,1.01,-1.80,1.11,-0.20,-0.11,-0.06,-0.08,0.02,0.03,0.04,0.38,0.06,1.83,1.26,13.76,0.50,1.31,1.62
0,1.06,2.76,6.29,2.75,0.55,0.24,78.88,0.26,0.50,1.93,0.20,0.00,0.96,0.00,0.19,0.02,0.05,0.17,0.03,0.10,0.01,0.07,0.02,28.90,4.29,19.36,2.18,8.40,4.20
0,4.81,4.31,1.76,1.00,1.00,1.00,0.00,0.36,0.56,1.56,0.81,0.00,1.00,0.00,0.81,0.59,0.33,0.57,0.31,0.55,0.57,1.00,0.59,0.00,0.00,0.00,0.56,0.62,2.72
0,1.10,1.11,1.35,1.87,0.56,0.07,194.38,0.18,0.38,2.11,0.58,9.23,-0.95,6.52,-0.46,-0.07,-0.09,-0.20,0.10,0.23,0.08,0.19,0.09,7.99,1.48,3.73,1.19,46.77,2.50
0,1.82,1.84,1.03,1.00,1.00,1.00,0.00,0.09,0.10,1.10,0.66,3.92,0.81,6.33,0.73,0.81,0.07,0.08,0.06,0.07,0.73,1.00,0.73,0.00,0.00,0.00,0.09,0.09,168.41
0,0.85,2.43,0.95,1.25,0.39,0.04,114.74,0.06,0.13,2.02,1.55,15.50,0.70,15.49,0.98,0.08,0.06,0.12,0.07,0.16,0.10,0.18,0.11,8.27,2.33,4.25,0.74,1.37,7.16
0,1.41,1.98,1.49,2.81,1.04,0.27,156.74,0.16,0.25,1.53,2.15,18.32,1.01,23.14,2.13,0.17,0.35,0.64,0.28,0.51,0.14,0.44,0.17,8.72,2.02,5.54,2.02,153.19,3.22
0,448.34,564.28,849.72,0.82,0.31,0.01,85.24,0.22,0.99,4.46,0.16,3.73,0.98,5.18,0.27,0.07,0.12,0.54,0.11,0.48,0.06,0.22,0.04,7.14,5.33,10.60,1.66,4.54,-5.91
0,882.42,152.38,66.98,1.00,1.00,1.00,15.44,0.99,125.30,126.30,0.03,0.00,1.00,1.17,0.03,0.00,0.05,6.29,0.05,6.29,0.00,0.15,0.00,2 327.46,23.90,-27 945.25,15.11,176.14,8.27
0,42 749.53,1.00,0.00,0.26,0.16,0.04,60.41,0.14,-1.78,-13.11,0.37,2.40,-9.03,-99.58,-3.31,-0.75,-0.90,11.78,0.10,-1.30,0.08,0.35,0.08,8.80,19.34,-5 415.99,1.20,1.67,-0.76
0,1.39,0.98,1.18,0.00,0.18,0.22,-113.83,0.08,0.10,1.16,2.29,162.28,-1.36,-3.02,-2.56,-0.27,-0.22,-0.27,0.16,0.20,0.20,0.88,0.20,59.95,4.48,1.81,0.80,0.91,-5.11
0,925.66,892.21,1 330.91,0.37,0.08,0.02,-162.83,0.25,0.40,1.59,0.55,4.03,1.00,5.03,0.55,0.54,0.28,0.44,0.21,0.33,0.41,0.81,0.54,80.71,5.59,1.57,0.51,0.54,-3.41
0,0.11,1.13,1.77,2.55,2.45,1.96,38.46,0.00,0.00,1.60,1.00,0.00,3.89,0.00,0.00,0.22,0.22,0.95,0.06,0.24,0.06,0.50,0.06,1.74,101.83,2.09,1.00,22.56,3.55
0,2.95,19.52,0.28,1.16,0.33,0.04,102.87,0.22,12.41,56.74,0.88,21.81,-0.15,2.28,-0.13,-0.06,-0.04,-0.73,0.25,4.55,0.38,0.91,0.40,3.55,0.26,0.83,0.66,315.11,3.47
0,1.58,1.09,1.80,1.21,1.12,0.04,-18.12,0.18,3.44,19.47,0.26,12.65,0.00,0.00,0.00,0.00,0.00,0.00,0.05,0.90,0.02,0.16,0.02,4.09,115.68,3.30,3.08,42.34,13.75
0,1 838.62,1 227.25,1 037.03,1.00,1.00,1.00,104.52,0.21,0.27,1.27,0.08,0.00,2.46,0.00,0.21,0.25,0.09,0.11,0.03,0.04,0.09,0.13,0.09,0.00,3.49,2 495.39,0.36,0.40,1.89
0,1.21,1.23,4.23,1.01,1.01,0.00,22.98,0.66,2.09,3.17,0.23,1.81,0.00,1.00,0.00,0.00,0.00,0.00,0.28,0.79,0.18,0.50,0.18,68.10,9.80,18.60,1.56,1.73,5 409.96
0,0.80,0.55,1.52,5.37,1.95,0.92,97.47,0.20,0.25,1.25,0.48,0.00,0.28,0.00,0.13,0.05,0.03,0.04,0.07,0.10,0.12,0.43,0.18,24.05,4.18,71.19,0.61,0.69,5.46
0,1.11,1.11,1.00,5.61,5.54,3.10,335.44,0.48,1.12,2.33,0.27,0.00,0.00,5.09,0.00,0.00,0.00,0.00,0.00,0.00,0.00,1.00,0.00,1.09,0.00,0.00,0.15,0.23,0.29
0,1.57,2.27,1.54,16.82,7.49,0.20,29.15,0.30,0.44,1.48,5.15,94.37,0.00,0.00,0.00,0.00,0.00,0.00,1.68,2.61,0.25,0.48,0.26,36.28,13.53,46.34,6.68,12.07,13.44
0,0.95,0.93,1.28,1.77,0.63,0.53,102.26,0.26,0.49,1.86,0.57,25.70,0.66,19.18,0.34,0.08,0.10,0.19,0.14,0.25,0.11,0.26,0.14,22.28,2.85,8.67,1.24,4.08,3.66
0,1.01,1.58,0.89,1.05,0.43,0.02,83.38,0.64,3.68,5.74,0.15,1.46,-17.85,-5.03,-0.49,-0.16,-0.36,-1.69,0.02,0.11,0.01,0.14,0.03,9.14,7.03,43.05,2.29,5.96,60.03
0,1.01,1.58,0.89,1.05,0.43,0.02,83.38,0.64,3.68,5.74,0.15,1.46,-17.85,-5.03,-0.49,-0.16,-0.36,-1.69,0.02,0.11,0.01,0.14,0.03,9.14,7.03,43.05,2.29,5.96,60.03
0,0.99,1.15,1.23,247.31,69.88,59.61,-46.62,0.15,0.18,1.18,1.26,12.77,0.27,5.21,0.31,0.11,0.05,0.06,0.17,0.21,0.37,0.61,0.44,28.22,0.58,6.13,0.45,0.81,0.94
0,1.11,0.75,1.05,1.65,0.29,0.09,142.57,0.23,0.71,3.12,0.60,5.19,11.23,5.06,0.24,0.06,0.06,0.17,0.03,0.11,0.04,0.16,0.14,11.65,2.08,5.66,0.87,4.50,2.85
0,0.73,0.47,1.07,2.32,0.95,0.19,23.08,0.18,0.63,3.40,0.48,1.67,0.01,1.64,0.01,0.00,0.00,0.00,0.05,0.18,0.16,0.37,0.29,3.10,167.76,3.76,0.31,0.55,1.07
0,0.91,0.10,0.01,0.97,0.95,0.01,21.54,0.26,30.92,118.15,0.13,1.58,1.00,116.25,5.92,1.15,1.44,3.75,0.01,0.02,0.00,0.04,0.02,2.18,71.93,2.42,1.25,4.61,-50.45
0,1.89,1.24,4.27,1.62,0.53,0.50,79.79,0.38,5.46,14.49,0.28,6.45,3.49,78.55,0.78,0.12,0.35,6.87,0.06,1.24,0.02,0.38,0.04,89.98,3.13,8.94,2.97,102.90,6.66
0,1.15,0.72,0.92,0.35,0.16,0.07,8.97,0.38,0.71,1.85,0.24,0.00,0.90,0.00,0.21,0.07,0.09,0.15,0.10,0.16,0.08,1.00,0.08,40.67,0.00,-0.03,1.26,1.31,-10.73
0,0.98,1.13,1.82,0.60,0.00,0.00,33.18,0.06,0.07,1.10,0.80,0.00,1.00,0.00,0.78,0.59,0.06,0.07,0.06,0.07,0.59,1.00,0.61,11.00,0.00,-0.20,0.10,0.11,-9.43
0,1.09,0.74,1.06,0.80,0.28,0.02,47.15,0.31,0.75,2.45,0.14,1.43,-1.81,1.53,-0.06,-0.02,-0.02,-0.04,0.03,0.07,0.03,0.12,0.03,9.02,4.69,5.13,1.20,1.96,-11.47
0,0.65,0.58,0.64,1.08,0.39,0.10,-57.83,0.16,0.37,2.28,1.29,0.00,0.19,0.00,0.17,0.02,0.02,0.05,0.17,0.34,0.12,0.13,0.09,24.35,34.13,4.37,1.44,2.48,47.18
0,0.82,1.00,1.21,5.28,1.96,0.13,-17.09,0.27,0.41,1.56,0.57,4.13,-0.82,0.66,-0.06,-0.02,-0.02,-0.03,0.02,0.03,0.02,0.31,0.17,10.18,6.79,3.42,0.89,1.21,3.81
0,1.62,1.10,1.15,20.28,17.18,16.95,264.93,0.03,0.03,1.05,8.78,51.45,-0.26,30.32,2.24,0.37,0.08,0.08,0.23,0.24,1.09,-0.08,1.40,15.60,1.45,36.42,0.21,6.69,0.21
0,1.00,0.82,1.24,6.73,6.56,6.55,0.73,0.06,0.07,1.16,3.69,11.02,2.11,7.82,6.71,0.93,0.43,0.50,0.27,0.31,0.58,1.00,0.48,498.47,0.00,0.00,0.46,8.53,0.52
0,1.52,1.72,1.41,1.00,1.00,1.00,0.00,0.05,0.06,1.06,1.69,0.00,0.96,0.00,1.61,0.66,0.10,0.10,0.10,0.10,0.65,1.00,0.69,0.00,0.00,0.00,0.15,0.16,4.00
0,1.38,1.10,1.21,2.50,0.42,0.31,42.21,0.27,0.38,1.43,0.75,4.93,0.48,3.86,0.24,0.02,0.07,0.10,0.13,0.19,0.03,0.11,0.04,81.22,9.02,132.25,4.28,9.85,12.23
0,1.24,0.78,1.09,2.61,0.01,0.01,171.23,0.13,0.15,1.15,1.06,0.00,0.95,0.00,1.06,0.17,0.15,0.17,0.15,0.17,0.17,0.39,0.17,0.00,1.87,15.34,0.87,1.25,3.89
0,2.02,2.26,1.32,1.77,0.06,0.02,2.42,0.29,0.45,1.53,1.40,0.00,1.00,0.00,1.40,0.56,0.44,0.72,0.44,0.72,0.56,1.00,0.56,150.57,0.00,-0.41,0.78,1.00,8.43
0,0.66,0.39,0.55,1.00,1.00,1.00,33.76,0.19,0.23,1.23,1.69,45.72,1.00,7.07,-0.13,-0.02,-0.01,-0.02,0.18,0.27,0.24,1.00,0.24,10.81,0.00,-0.08,0.77,0.90,10.37
0,10.63,2.09,1.25,1.14,0.64,0.04,-127.43,0.10,0.13,1.34,2.98,17.54,1.40,26.62,3.84,0.72,0.45,0.55,0.32,0.40,0.52,0.86,0.52,4.56,0.98,1.76,0.62,1.70,14.17
0,1.64,3.29,2.37,1.43,1.34,1.32,-51.29,0.37,10.61,28.67,0.27,1.44,-10.24,-1.69,-0.85,-0.13,-0.42,-12.72,0.03,0.81,0.01,0.33,0.04,77.50,37.08,5.54,3.38,19.66,9.88
0,1.15,0.87,0.24,1.39,0.65,0.32,23.57,0.38,5.49,14.45,0.36,7.87,-1.67,-9.95,-0.52,-0.12,-0.26,-1.09,0.15,0.60,0.07,0.20,0.08,11.93,4.52,4.16,2.14,7.03,7.49
0,1.15,0.87,0.24,1.39,0.65,0.32,23.57,0.38,5.49,14.45,0.36,7.87,-1.67,-9.95,-0.52,-0.12,-0.26,-1.09,0.15,0.60,0.07,0.20,0.08,11.93,4.52,4.16,2.14,7.03,7.49
0,1.19,0.94,1.57,1.22,1.03,0.06,32.63,0.25,0.78,3.14,0.53,9.18,-2.55,91.37,-1.04,-0.08,-0.35,-0.99,0.18,0.50,0.04,0.07,0.04,5.81,28.42,8.48,4.34,166.50,21.46
0,2.02,2.26,1.32,1.77,0.06,0.02,2.42,0.29,0.45,1.53,1.40,0.00,1.00,0.00,1.40,0.56,0.44,0.72,0.44,0.72,0.56,1.00,0.56,150.57,0.00,-0.41,0.78,1.00,8.43
0,1.26,0.83,1.33,1.48,0.47,0.24,69.56,0.20,0.52,2.64,0.97,3.17,0.92,23.41,0.72,0.16,0.15,0.42,0.10,0.29,0.11,0.45,0.17,15.82,3.41,6.02,0.94,1.58,6.50
0,1.12,1.46,1.11,1.21,0.67,0.38,-5.71,0.34,0.89,2.64,0.95,3.67,1.21,8.07,0.71,0.30,0.25,0.67,0.09,0.23,0.10,0.32,0.25,10.44,14.89,5.60,0.85,1.19,13.91
0,1.30,1.73,1.21,1.78,1.18,0.08,44.07,0.14,0.24,1.79,1.08,7.29,0.53,11.61,0.50,0.09,0.07,0.13,0.10,0.19,0.12,0.21,0.16,4.69,5.78,3.77,0.85,1.38,4.76
1,3.71,1.64,1.06,0.93,0.39,0.00,102.28,0.57,2.03,3.57,0.06,1.35,-0.08,1.09,0.00,-0.01,0.00,-0.01,0.01,0.02,0.05,0.23,0.19,3.57,0.87,0.48,0.11,0.13,-10.59
1,0.66,1.56,1.05,1.89,0.34,0.00,125.71,0.23,1.11,4.81,0.30,1.95,2.68,0.53,-0.08,-0.11,-0.02,-0.09,0.01,0.05,0.06,0.50,0.14,2.90,0.26,0.73,0.17,0.35,0.62
1,8.49,1.17,2.12,2.30,1.67,0.04,142.45,0.54,7.33,13.47,0.24,2.19,-1.69,-4.58,-0.40,-0.36,-0.31,-3.95,0.08,1.05,0.10,0.32,0.21,2.26,5.47,4.24,0.86,3.55,1.42
1,1.62,5.13,3.64,0.22,0.02,0.02,-46.34,0.57,12.04,21.10,0.12,3.09,-0.05,1.18,-0.01,-0.03,-0.01,-0.14,0.06,1.14,0.27,0.65,0.49,6.75,0.60,3.63,0.23,0.29,-0.26
1,0.60,0.57,1.10,58.57,32.78,0.10,662.59,0.29,0.66,2.29,0.30,2.42,-0.02,1.61,-0.01,-0.01,0.00,0.00,0.05,0.09,0.11,0.29,0.23,1.06,1.13,64.93,0.42,1.29,0.61
1,1.00,1.00,1.02,2.53,1.84,0.00,192.88,0.56,2.28,4.11,0.15,1.08,-2.05,-1.45,-0.31,-0.55,-0.14,-0.72,0.00,0.02,0.02,0.52,0.27,1.10,3.76,1.56,0.26,0.41,1.01
1,1.39,1.65,1.19,23.37,1.14,0.72,283.21,0.81,4.50,5.57,0.24,1.25,0.02,1.07,0.01,0.01,0.00,0.03,0.03,0.17,0.06,0.64,0.38,69.50,1.25,27.56,0.48,0.67,1.68
1,1.00,0.97,1.00,1.69,0.77,0.01,249.21,0.29,0.88,3.06,0.24,2.99,0.28,1.68,0.04,0.05,0.01,0.04,0.03,0.09,0.13,0.38,0.24,0.76,1.46,0.14,0.24,0.70,0.83
1,1.11,2.50,3.40,1.58,0.15,0.01,57.95,0.30,4.55,15.15,0.30,2.85,-0.81,-0.81,-0.24,-0.22,-0.09,-1.70,0.05,1.09,0.14,0.30,0.28,6.30,0.29,0.84,0.38,0.00,0.89
1,1.01,0.75,0.82,1.00,1.00,1.00,112.32,0.97,30.38,31.38,0.07,0.83,0.13,1.14,0.00,0.07,0.00,0.12,-0.01,-0.19,-0.11,1.00,0.51,1.63,0.00,3.26,0.06,0.07,0.86
1,1.19,0.88,1.16,2.01,0.54,0.04,343.30,0.59,5.39,9.20,0.16,1.41,-2.77,-12.24,-0.31,-1.06,-0.20,-1.82,0.02,0.15,0.09,0.64,0.37,1.06,0.55,0.73,0.18,0.43,0.56
1,0.93,0.08,1.06,2.34,0.73,0.00,236.47,0.32,0.50,1.59,0.24,2.35,0.16,2.09,0.04,0.03,0.01,0.02,0.04,0.06,0.09,0.22,0.20,1.45,0.47,24.42,0.39,5.66,0.79
1,5.21,4.37,1.96,1.65,0.29,0.05,10.81,0.78,10.82,13.87,0.22,1.43,0.55,1.84,0.10,0.08,0.15,1.49,0.07,0.65,0.04,0.20,0.15,46.54,21.15,25.53,1.88,2.17,27.66
1,1.95,0.76,1.48,6.02,0.16,0.08,-301.44,0.40,2.13,5.31,0.29,1.82,0.19,1.44,0.06,0.06,0.03,0.15,0.05,0.27,0.10,0.32,0.28,40.71,0.31,1.18,0.45,0.00,0.50
1,1.00,1.00,1.00,30.94,5.88,0.05,199.66,0.38,0.63,1.65,0.26,2.75,-0.12,1.12,-0.03,-0.03,-0.01,-0.02,0.05,0.08,0.14,0.29,0.27,1.83,0.36,0.00,0.38,3.65,0.36
1,0.00,0.00,0.00,15.27,0.04,0.00,251.05,2.16,-1.78,-0.82,0.00,0.00,0.00,0.00,0.00,0.00,0.00,0.00,-0.01,0.01,0.00,0.00,0.00,0.00,1.25,8.78,0.00,0.00,0.00
1,-1.00,-1.00,0.19,25.70,22.95,0.05,0.00,0.59,1.59,2.70,0.00,-1.38,-1.89,3.91,0.30,0.00,0.10,0.15,-0.05,-0.08,0.00,0.00,0.00,0.00,0.00,0.00,0.00,0.00,0.00
1,0.64,-1.00,0.00,0.74,0.01,0.00,112.11,0.19,835.68,4 303.80,-0.16,0.00,-3.69,0.00,0.60,0.09,0.08,0.26,-0.02,-0.07,-0.02,0.10,-0.02,2.14,10.42,3.91,0.89,2.53,-6.42
1,1.02,-1.00,0.86,1.31,0.49,0.01,339.85,0.24,3.20,13.43,-0.05,-0.20,-1.23,1.82,0.06,0.05,0.01,0.18,-0.01,-0.15,-0.04,0.87,-0.04,3.13,1.64,0.86,0.27,0.36,4.65
1,-1.00,-1.00,0.00,0.78,0.56,0.53,0.00,1.24,-3.55,-2.85,-0.02,0.00,-7.90,5.36,0.46,0.00,0.50,-2.04,-0.11,0.45,0.00,0.00,0.00,0.00,0.00,0.01,0.00,0.00,0.00
1,2.26,0.00,0.95,0.98,0.87,0.00,22.75,0.14,0.49,3.39,0.00,-0.07,-100.19,0.00,0.34,0.06,0.06,0.16,-0.01,-0.02,-0.01,0.18,0.00,2.19,9.94,2.02,1.01,2.36,-85.00
1,1.09,0.00,0.00,24.29,3.50,2.15,92.56,2.62,-0.93,-0.36,-0.01,0.00,-0.81,0.00,0.01,0.12,0.01,-0.01,-0.02,0.01,-0.15,0.30,-0.15,7.73,8.05,0.14,0.11,0.14,0.64
1,1.23,4.33,0.00,119.18,3.27,1.80,30.36,1.06,-4.37,-4.11,0.02,0.12,0.59,1.10,0.00,0.04,0.00,-0.02,-0.05,0.26,-0.46,0.12,0.07,12.02,0.12,0.08,0.11,0.77,0.14
1,0.98,1.35,0.90,0.79,0.24,0.06,110.62,0.54,5.06,9.31,0.13,0.87,0.00,0.00,0.00,0.00,0.00,0.00,-0.01,-0.12,-0.02,0.21,0.10,2.79,2.36,2.09,0.73,1.92,-4.84
1,1.02,1.19,0.00,0.62,0.60,0.00,97.54,0.65,-0.64,-0.99,0.04,0.41,0.00,0.00,0.00,0.00,0.00,0.00,-0.07,0.12,-0.48,0.22,0.15,0.16,3.74,0.09,0.13,0.96,-0.35
1,2.84,0.00,1.07,5.84,1.25,0.51,231.79,0.39,0.74,1.91,0.00,-0.09,11.99,-40.09,-0.08,-0.18,-0.03,-0.06,0.01,0.03,0.08,0.22,-0.01,1.81,3.19,4.33,0.17,0.47,0.28
1,1.84,1.00,1.00,1.33,0.26,0.17,223.67,0.80,9.28,11.58,0.04,0.53,-1.13,0.88,-0.04,-0.09,-0.03,-2.42,-0.04,-3.05,-0.11,0.58,0.12,15.46,1.27,4.14,0.33,0.47,4.06
1,0.53,-1.00,0.00,0.34,0.08,0.03,164.38,0.56,-1.19,-2.14,-0.10,-1.57,-0.21,1.80,0.04,0.21,0.02,-0.05,-0.10,0.24,-0.99,1.00,-0.61,2.22,0.00,0.01,0.10,0.15,-0.17
1,1.21,0.44,0.00,0.08,0.00,0.00,-67.21,0.69,-83.53,-120.32,0.09,0.00,0.79,2.95,0.06,0.04,0.08,-7.73,0.10,-9.76,0.05,0.17,0.05,1 434.40,56.31,4.94,2.09,2.17,-3.82
1,1.00,0.00,0.00,1.74,0.00,0.00,15.49,1.62,-1.92,-1.19,-0.11,-0.79,-0.30,1.23,0.03,0.67,0.05,-0.07,-0.18,0.24,-2.27,0.80,-2.27,23.56,0.04,0.07,0.08,0.13,0.47
1,0.97,1.26,0.36,1.60,1.01,0.06,335.33,0.65,4.27,6.56,0.39,0.00,0.00,0.00,0.00,0.00,0.00,0.00,0.09,0.47,0.31,0.87,0.50,1.09,0.29,0.45,0.29,1.11,1.89
1,3.10,0.00,0.00,0.11,0.11,0.08,18.92,1.19,-1.82,-1.53,-0.03,-0.31,-2.25,1.70,0.08,0.44,0.09,-0.14,0.00,0.00,0.00,1.00,-0.19,19.29,0.10,0.00,0.21,0.40,-0.51
1,0.44,0.65,1.03,1.13,0.07,0.00,133.31,0.22,1.05,4.77,0.15,1.99,0.00,1.00,0.00,0.00,0.00,0.00,0.01,0.04,0.04,0.31,0.15,2.74,0.30,0.62,0.27,0.93,2.91
1,0.66,0.00,0.73,0.75,0.16,0.07,33.58,0.26,1.55,5.93,-0.55,-6.74,-0.01,1.07,0.01,0.00,0.00,0.01,-0.14,-0.72,-0.26,-0.09,-0.26,10.75,6.72,6.67,0.55,1.16,-3.83
1,0.63,0.97,1.00,4.21,0.25,0.12,76.80,0.25,0.41,1.64,0.26,2.90,1.00,3.46,0.22,0.65,0.06,0.09,0.03,0.04,0.30,0.85,0.77,15.01,6.95,0.44,0.10,0.11,0.61
1,0.02,0.00,0.00,1.86,1.11,0.21,0.00,0.68,-13.95,-20.52,-0.06,-0.62,0.00,1.00,0.00,0.00,0.00,0.00,-0.06,1.82,-7.59,-2.63,-7.59,0.03,0.09,0.11,0.01,0.03,0.02
1,1.84,1.00,1.00,1.33,0.26,0.17,223.67,0.80,9.28,11.58,0.04,0.53,-1.13,0.88,-0.04,-0.09,-0.03,-2.42,-0.04,-3.05,-0.11,0.58,0.12,15.46,1.27,4.14,0.33,0.47,4.06
1,0.82,0.35,1.05,20.96,20.68,9.56,115.63,0.37,0.62,1.68,0.08,0.68,-0.74,0.50,-0.06,-0.03,-0.03,-0.04,0.04,0.05,0.04,1.00,0.04,3.16,0.00,-0.55,0.83,3.07,0.88
1,7.44,0.30,1.08,0.92,0.48,0.29,383.53,0.51,1.71,3.35,0.07,2.52,1.77,4.97,0.08,0.11,0.04,0.14,0.03,0.10,0.07,0.20,0.07,3.06,1.38,0.94,0.42,0.95,-8.38
1,2.37,3.25,1.16,6.67,1.45,0.19,72.45,0.53,1.33,2.53,0.10,0.75,-2.09,0.62,-0.22,-0.08,-0.13,-0.31,0.06,0.15,0.04,0.17,0.04,17.05,3.33,6.24,1.53,3.35,3.05
1,0.53,0.30,0.09,2.00,1.16,0.00,225.59,0.22,8.99,41.28,0.40,1.80,0.77,0.00,0.14,0.08,0.03,0.20,0.04,0.26,0.11,0.25,0.24,1.38,5.58,3.51,0.41,0.75,3.03
1,1.20,1.39,0.93,0.68,0.67,0.37,104.49,0.63,2.36,3.76,0.19,1.38,0.86,2.74,0.18,0.19,0.08,0.40,0.02,0.12,0.06,0.55,0.20,8.47,5.95,0.25,0.44,0.49,-16.26
1,0.48,0.13,1.07,4.73,2.80,0.11,580.74,0.15,0.18,1.18,0.31,6.78,0.49,6.78,0.27,0.09,0.04,0.05,0.04,0.05,0.09,0.19,0.11,1.26,1.26,0.00,0.44,1.31,0.81
1,1.02,1.19,0.00,0.62,0.60,0.00,97.54,0.65,-0.64,-0.99,0.04,0.41,0.00,0.00,0.00,0.00,0.00,0.00,-0.07,0.12,-0.48,0.22,0.15,0.16,3.74,0.09,0.13,0.96,-0.35
1,1.23,1.39,1.62,57.47,31.48,14.05,192.64,0.84,5.79,6.90,0.19,1.57,-0.20,0.82,-0.04,-0.03,-0.03,-0.27,0.06,0.48,0.05,0.10,0.14,4.87,3.00,93.91,1.16,13.73,1.26
1,1.01,1.00,0.00,1.15,0.08,0.03,45.98,0.18,-0.42,-2.28,0.37,3.89,-0.08,1.28,-0.03,-0.05,-0.01,0.01,0.09,-0.19,0.77,0.95,0.61,7.94,0.01,0.43,0.12,0.28,1.43
1,1.00,1.00,1.00,2.21,1.21,0.09,22.57,0.86,8.87,10.34,0.58,1.72,0.00,1.09,0.00,0.00,0.00,0.00,0.17,1.79,0.21,1.00,0.50,16.17,0.00,0.00,0.83,0.92,14.94
1,0.28,-1.00,1.00,0.94,0.33,0.02,224.70,0.17,0.34,2.05,-0.15,-6.83,5.01,-4.31,-0.73,-0.30,-0.12,-0.25,-0.11,-0.22,-0.26,-0.11,-0.25,2.24,2.54,4.47,0.41,0.76,-16.48
1,1.05,-1.00,0.64,1.99,0.59,0.01,93.26,0.63,5.13,8.09,-0.03,-2.76,0.55,1.98,-0.05,-0.03,-0.03,-0.19,-0.08,-0.43,-0.07,-0.02,-0.04,10.77,4.55,17.53,1.20,1.97,4.31
1,1.63,0.00,0.92,3.79,1.43,0.50,105.43,0.15,0.21,1.40,-0.14,-2.71,5.79,-14.44,-2.20,-0.64,-0.33,-0.44,-0.07,-0.09,-0.13,0.24,-0.11,6.99,2.70,4.44,0.52,1.19,1.39
1,0.97,0.60,-1.00,0.40,0.20,0.04,-34.38,0.46,-19.60,-42.80,0.25,2.54,-4.36,-2.65,-0.63,-0.19,-0.36,-1.90,0.08,0.42,0.04,0.16,0.07,9.53,12.26,3.56,1.87,3.18,-2.58
1,0.80,7.90,26.50,2.65,1.58,0.23,248.68,0.67,15.06,22.42,0.49,1.45,5.94,3.66,0.38,0.33,0.26,11.02,0.04,1.85,0.06,0.53,0.18,2.14,1.27,1.75,0.77,2.40,1.63
1,0.55,0.76,1.24,0.76,0.16,0.02,333.72,0.05,0.47,9.22,0.81,2.71,1.46,7.17,0.97,0.12,0.04,0.51,0.02,0.21,0.05,0.22,0.09,2.55,1.92,0.87,0.34,1.23,-1.90
1,0.54,0.61,0.95,9.57,3.13,0.01,-51.28,0.20,0.28,1.40,0.22,1.79,-3.04,-3.17,-0.51,-0.40,-0.10,-0.14,0.02,0.02,0.07,0.18,0.16,0.62,5.82,3.20,0.25,0.82,0.35
1,0.49,0.41,2.54,1.59,0.05,0.03,22.41,0.11,0.29,2.60,0.47,1.31,-13.34,-18.79,-6.17,-1.75,-0.75,-2.53,0.04,0.14,0.10,0.18,0.11,5.58,0.66,8.49,0.43,14.10,1.06
1,0.09,0.81,0.34,1.26,0.72,0.09,0.00,0.57,22.74,39.81,0.15,2.02,2.01,0.00,0.06,0.27,0.03,0.69,0.02,0.34,0.14,0.43,0.27,0.44,0.35,0.42,0.12,0.25,1.18
1,0.32,-1.00,0.00,2.59,0.04,0.00,351.98,0.64,-3.94,-6.17,0.00,0.00,4.92,-10.46,-0.52,-11.92,-0.42,2.80,-0.10,0.67,-2.87,0.87,-2.42,1.04,0.93,0.03,0.04,0.06,0.09
1,0.76,0.00,3.06,1.26,0.72,0.09,0.00,0.57,22.74,39.81,-0.08,-2.76,2.05,0.00,0.06,0.28,0.03,2.08,0.02,1.02,0.14,0.43,-0.37,0.44,0.35,0.38,0.12,0.25,1.18
1,1.70,0.00,0.00,0.63,0.63,0.00,0.00,0.91,-4.27,-4.71,0.00,-0.86,0.02,1.61,0.00,0.03,0.00,-0.02,-0.19,1.81,-3.34,1.00,-1.54,0.27,0.00,0.00,0.06,0.07,-0.45
1,9.90,9.74,-1.00,0.83,0.36,0.22,357.98,0.80,-15.29,-19.02,0.01,0.04,0.15,315.74,0.00,-0.02,0.00,-0.16,-0.18,-6.86,-0.91,0.51,0.03,9.08,1.15,0.74,0.20,0.25,-3.77
1,0.98,1.05,0.00,16.77,5.41,0.42,305.75,2.57,-1.61,-0.63,1.00,91.68,-2.31,4.99,0.04,0.15,0.11,-0.07,-0.05,0.03,-0.07,0.61,3.60,4.63,1.50,23.13,0.74,1.57,1.49
1,3.62,1.00,0.27,1.12,1.08,0.00,33.78,0.94,104.82,111.95,0.01,0.16,1.17,0.00,0.01,0.15,0.01,0.29,0.02,1.15,0.61,0.35,0.13,0.15,10.81,0.86,0.04,0.05,1.26
1,2.31,1.00,0.00,0.31,0.26,0.00,-187.37,0.00,0.00,-1.68,1.00,0.00,0.00,0.00,0.00,0.00,0.01,-0.01,0.52,-1.38,0.10,0.62,0.48,15.00,62.72,1.68,5.27,10.33,-4.98
1,1.66,2.27,0.00,0.21,0.14,0.10,11.90,1.96,-1.39,-0.71,0.18,0.08,0.27,2.08,0.08,0.27,0.14,-0.11,0.14,-0.11,0.27,1.00,0.02,30.68,0.00,0.00,0.54,0.59,-1.60
1,1.02,1.16,1.28,1.35,0.53,0.11,76.74,0.66,2.21,3.35,0.20,1.95,1.36,4.00,0.28,0.05,0.20,0.68,0.07,0.25,0.02,0.10,0.03,14.92,6.85,356.27,4.33,48.14,15.98
1,0.13,0.23,1.03,3.03,0.09,0.00,0.00,0.59,7.36,12.44,0.03,0.00,0.00,0.00,0.00,0.00,0.00,0.00,0.01,0.13,1.05,0.02,0.01,0.22,0.04,0.00,0.01,1.92,0.01
1,1.00,0.00,7.90,1.37,0.89,0.07,31.72,0.00,0.00,1.84,0.00,0.00,0.00,0.00,0.00,0.00,0.00,0.00,0.13,0.22,0.03,1.00,0.09,11.51,0.03,0.68,4.17,10.37,12.93
1,1.00,1.00,1.01,3.48,0.00,0.00,-283.58,0.11,0.12,1.14,0.26,1.70,0.47,1.33,0.05,0.05,0.01,0.01,0.01,0.01,0.11,0.42,0.27,0.00,5.30,1.04,0.10,0.11,9.62
1,0.12,0.91,-1.00,0.07,0.04,0.00,409.24,2.30,-1.13,-0.49,0.18,0.00,0.01,0.00,0.00,0.02,0.00,-0.02,0.37,-2.00,2.70,0.59,2.51,1.81,1.76,0.23,0.14,0.18,-0.06
1,1.35,0.00,0.41,0.62,0.61,0.21,132.03,0.83,6.29,7.55,0.00,9.34,0.00,0.00,0.00,0.00,0.00,0.00,0.27,0.83,0.49,0.27,0.02,2.71,124.04,65.51,0.56,0.82,-1.65
1,1.01,0.80,1.29,1.07,0.03,0.03,167.53,0.46,1.89,4.08,0.30,2.17,1.91,5.38,0.53,0.23,0.29,1.13,0.06,0.25,0.05,0.28,0.12,3 132.89,2.18,1 827.27,1.27,2.71,46.48
1,0.01,-1.00,-1.00,0.50,0.48,0.00,-35.63,2.01,-1.97,-0.98,0.00,0.00,0.00,0.00,0.00,0.00,0.00,0.00,0.00,-0.01,0.08,0.07,0.08,0.02,4.77,3.25,0.01,0.36,-0.01
1,0.67,5.22,-1.00,0.98,25.31,24.33,44.31,0.83,-514.87,-622.48,2.70,1.40,1.00,2.28,0.20,0.08,0.15,0.28,0.03,0.05,0.02,0.19,0.11,12.23,9.00,14.00,1.80,2.15,-1 224.16
1,0.45,0.84,-1.00,5.46,1.95,0.26,314.20,1.00,-939.89,-938.89,0.18,4.59,0.73,2.00,0.04,0.21,0.04,0.09,0.05,0.10,0.24,0.76,0.95,1.16,0.15,-0.26,0.20,0.33,0.51
1,0.93,0.83,0.42,1.42,0.53,0.01,30.55,0.41,1.17,2.82,0.33,0.00,0.00,0.00,0.00,0.00,0.00,0.00,0.04,0.06,0.03,0.32,0.06,4.00,6.55,3.13,1.42,4.65,6.15
1,1.03,1.20,1.09,1.37,0.15,0.01,342.67,0.64,2.23,3.51,0.14,1.33,2.93,1.60,0.08,0.04,0.06,0.19,0.02,0.08,0.02,0.31,0.07,24.54,1.05,19.08,1.36,62.18,4.91
1,0.56,0.22,0.46,1.86,1.03,0.17,60.32,0.47,5.80,12.30,0.07,0.54,27.54,20.11,1.95,0.49,0.84,7.11,0.09,0.74,0.05,0.11,0.02,5.91,6.89,6.71,1.73,7.14,5.57
1,2.73,0.00,1.00,0.93,0.33,0.03,14.23,0.00,0.00,58.25,0.00,0.00,0.00,0.00,0.00,0.00,0.00,0.00,3.60,158.25,0.19,0.40,0.19,59.20,24.85,55.14,19.01,148.67,-196.76
1,0.99,-1.00,0.00,0.00,0.01,0.01,0.11,1.18,-1.27,-1.08,0.00,0.00,0.00,0.00,0.00,0.00,0.00,0.00,-0.04,0.04,-0.18,1.00,-0.18,3 398.75,0.00,0.00,0.22,0.43,-0.30
1,1.00,1.00,-1.00,0.13,0.13,0.00,0.00,0.90,-0.57,-0.63,0.03,0.00,2 164.72,0.00,0.33,6.72,0.60,3.21,0.09,0.48,1.00,1.00,0.49,0.42,0.00,0.00,0.09,0.11,-0.03
1,1.00,0.00,1.16,0.96,0.54,0.29,321.73,0.35,1.31,3.71,0.00,0.00,0.00,0.00,0.00,0.00,0.00,0.00,0.03,0.08,0.07,0.33,0.18,3.76,1.63,0.99,0.40,0.71,-14.05
1,1.61,3.45,1.49,0.58,0.39,0.03,17.71,0.59,2.27,3.83,0.15,0.91,0.22,1.58,0.03,0.14,0.02,0.09,0.09,0.40,0.64,0.76,0.61,4.54,97.80,5.50,0.14,0.15,-3.67
1,1.02,1.29,1.04,0.37,0.32,0.01,144.34,0.20,0.37,1.85,0.20,2.32,0.67,3.46,0.11,0.22,0.02,0.04,0.02,0.04,0.20,1.00,0.33,2.53,0.00,0.00,0.10,0.10,-1.34
1,0.79,0.47,0.91,2.42,1.53,0.11,180.87,0.38,0.68,1.81,0.04,0.25,0.23,11.33,0.01,0.01,0.00,0.00,0.05,0.09,0.18,0.79,0.04,3.57,1.05,1.36,0.30,0.35,3.57
1,1.22,2.43,-1.00,7.28,0.22,0.18,90.70,1.39,-2.67,-1.92,0.02,0.35,0.00,0.00,0.00,0.00,0.00,0.00,0.19,2.00,0.20,0.32,0.03,104.92,2.88,9.27,0.97,16.80,1.14
1,6.95,3.80,-1.00,0.14,0.02,0.00,-42.12,1.76,-2.27,-1.29,0.01,0.03,14.36,1.50,0.02,1.74,0.05,-0.89,0.10,-2.00,3.90,0.35,0.12,3.63,26.87,2.34,0.03,0.03,-0.05
1,0.99,0.77,0.89,0.57,0.21,0.00,33.73,0.49,1.61,3.32,0.09,0.06,3.35,2.64,0.12,0.15,0.06,0.18,0.20,0.54,0.46,0.24,0.04,7.50,6.48,5.12,0.43,0.56,-2.09
1,0.99,0.77,0.89,0.57,0.21,0.00,33.73,0.49,1.61,3.32,0.09,0.06,3.35,2.64,0.12,0.15,0.06,0.18,0.20,0.54,0.46,0.24,0.04,7.50,6.48,5.12,0.43,0.56,-2.09
1,0.98,0.27,-1.00,9.63,1.42,0.83,48.94,1.39,-3.55,-2.55,0.00,0.02,11.89,0.00,0.01,1.57,0.01,-0.23,0.12,-2.00,13.60,0.97,0.13,7.46,0.00,0.64,0.01,0.01,10.85
1,0.64,0.37,-1.00,1.32,1.22,0.00,121.33,0.28,-9.57,-33.75,0.03,0.16,0.00,0.00,0.00,0.00,0.00,0.00,0.04,-3.53,0.22,0.08,0.05,0.20,3.01,0.26,0.17,2.46,0.77
1,0.78,0.67,1.32,0.22,0.03,0.00,151.74,0.00,0.00,8.30,1.00,0.00,0.07,0.00,0.00,0.01,0.00,0.03,0.03,0.27,0.05,0.13,0.07,4.74,4.89,0.70,0.53,0.66,-0.84
1,2.62,1.92,0.91,10.75,8.18,2.50,61.62,1.02,3.94,3.85,0.09,0.37,0.77,119.95,0.07,0.14,0.07,0.27,0.11,0.43,0.22,0.20,0.18,5.65,2 468.61,117.36,0.49,0.55,7.34
1,3.33,2.62,-1.00,0.33,0.08,0.08,1.33,0.83,-10.05,-12.13,0.19,0.60,4.59,0.00,0.28,0.70,0.21,-14.78,0.01,-0.74,0.04,1.00,0.15,275.23,0.00,0.07,0.30,0.33,-1.91
1,1.42,5.35,-1.00,1.70,0.31,0.13,171.61,0.72,-12.20,-17.00,0.26,3.19,5.14,19.98,1.05,0.59,0.82,14.39,0.11,1.99,0.08,0.47,0.11,27.70,1.43,3.79,1.40,8.66,3.67
1,0.74,0.45,0.53,0.50,0.40,0.13,-64.60,0.46,1.94,4.17,0.32,9.43,1.41,83.58,0.23,0.16,0.11,0.31,0.13,0.36,0.19,0.57,0.11,4.86,5.24,1.74,0.69,1.36,-2.21
1,0.81,0.89,1.26,1.96,0.44,0.09,-40.25,0.65,7.64,11.68,0.29,15.82,3.58,264.15,1.02,1.40,1.07,8.69,0.03,0.23,0.04,0.14,0.39,3.53,424.90,2.53,0.77,13.01,1.01
1,0.00,3.46,1.16,5.32,0.13,0.02,0.00,0.64,2.47,3.88,0.00,0.00,299.72,0.00,1.00,0.00,1.00,2.65,0.00,0.01,0.00,0.00,0.00,0.00,0.00,0.00,0.00,0.00,0.00
1,0.89,1.01,0.78,1.02,0.52,0.06,175.69,0.57,4.54,7.91,0.26,1.76,1.36,5.24,0.35,0.21,0.21,1.38,0.05,0.30,0.05,0.20,0.15,2.36,4.89,6.82,0.99,7.22,59.17
1,1.16,0.77,1.03,1.25,0.28,0.01,94.60,0.43,2.13,4.98,0.28,2.19,0.29,0.00,0.08,0.01,0.03,0.17,0.01,0.03,0.00,0.09,0.05,13.89,2.96,6.65,2.52,127.09,12.76
1,1.00,2.01,-1.00,0.43,0.20,0.03,4.02,0.85,-9.45,-11.14,0.04,0.41,12.11,0.00,0.34,0.67,0.39,-16.20,0.05,-2.00,0.08,0.57,0.06,5.30,13.64,3.98,0.58,0.84,-0.79
1,0.00,0.93,-1.00,0.00,0.00,0.00,0.00,1.44,-2.62,-1.82,0.01,0.08,1.54,0.00,0.01,0.00,0.01,-0.22,0.13,-2.00,0.00,0.00,0.00,0.00,0.00,0.00,0.00,0.00,0.00
1,1.16,0.73,1.18,1.52,0.85,0.71,12.07,0.50,3.28,6.55,0.19,3.46,1.88,2.21,0.21,0.08,0.11,0.75,0.01,0.06,0.01,0.04,0.04,30.98,18.42,18.69,1.38,2.74,7.74
1,3.70,1.24,-1.00,0.83,0.14,0.03,-20.64,0.65,-109.31,-169.04,0.13,1.61,7.69,9.19,1.01,0.48,0.84,291.71,0.02,7.31,0.01,0.10,0.06,24.59,4.70,3.22,1.77,3.97,-11.60
1,1.00,0.75,-1.00,0.71,0.67,0.00,406.02,3.01,-1.25,-0.42,0.06,0.52,1.56,4.15,0.05,0.41,0.13,18.85,0.01,2.00,0.04,0.38,0.26,1.23,3.31,0.92,0.33,0.51,-2.58
1,1.40,1.28,4.49,1.01,0.05,0.04,279.89,0.88,14.33,16.36,0.20,2.04,3.29,9.30,0.54,0.62,0.56,12.72,0.06,1.27,0.06,0.41,0.19,69.19,1.14,7.78,0.91,3.91,62.16
1,1.34,0.95,1.00,1.36,0.12,0.07,190.28,0.55,1.58,2.86,0.28,2.08,0.82,6.31,0.13,0.07,0.08,0.21,0.00,0.00,0.00,0.37,0.08,69.72,1.74,14.94,1.16,3.88,5.51
1,1.57,1.25,0.96,1.37,0.77,0.06,304.03,0.63,2.34,3.69,0.10,0.74,0.54,13.03,0.05,0.04,0.04,0.13,0.01,0.04,0.01,0.27,0.07,1.84,2.69,12.19,1.01,308.78,3.67
1,1.35,1.75,-1.00,0.57,0.40,0.12,-166.17,1.14,-3.66,-3.22,0.11,2.01,0.76,5.35,0.08,0.31,0.12,-1.26,0.22,-2.32,0.57,0.33,0.40,4.93,20.25,1.41,0.39,0.53,-3.41
1,1.16,3.11,-1.00,2.77,1.54,0.15,311.83,0.89,-7.65,-8.58,0.49,3.92,0.08,0.00,0.04,0.03,0.04,0.31,0.28,2.00,0.20,0.64,0.39,2.83,1.46,5.41,1.42,19.61,1.84
1,0.18,0.12,-1.00,0.02,0.01,0.00,42.62,0.62,-0.87,-1.39,0.10,0.52,7.76,8.19,0.77,3.05,0.45,-6.48,0.14,-2.00,0.94,0.39,0.39,15.51,19.12,0.19,0.15,0.15,-0.15
1,1.09,1.25,-1.00,14.54,0.65,0.04,-12.53,1.28,-4.36,-3.40,0.03,0.09,7.82,0.00,0.04,0.58,0.05,-1.01,0.10,-2.00,1.15,0.03,0.07,12.82,132.14,8.34,0.09,0.10,0.58
1,1.07,1.12,1.07,6.73,5.15,4.77,-52.40,0.80,5.08,6.38,0.18,1.86,0.72,2.60,0.09,0.28,0.07,0.50,0.01,0.06,0.04,0.45,0.39,11.34,40.06,3.90,0.27,0.38,1.02
1,1.06,0.91,1.12,0.82,0.82,0.65,28.78,0.21,0.28,1.32,0.05,0.31,4.51,2.32,0.22,874.59,0.05,0.06,0.08,0.12,1 562.86,0.54,194.09,0.00,12.68,0.00,0.00,0.00,0.00
1,1.47,1.16,-1.00,0.28,0.12,0.10,9.99,1.49,-1.61,-1.08,0.08,0.97,0.53,1.65,0.04,0.31,0.07,-0.48,0.31,-2.10,1.34,1.00,0.57,36.54,0.00,-0.01,0.23,0.25,-1.24
1,1.00,1.00,-1.00,2.78,0.00,0.00,-284.01,0.79,-214.15,-269.65,0.00,0.00,897.87,0.00,1.00,823.11,1.38,-433.76,0.01,-2.07,3.92,1.00,0.92,32.46,0.00,1.24,0.00,0.00,0.00
1,1.48,1.86,-1.00,0.11,0.04,0.00,67.69,1.02,-5.49,-5.36,0.14,0.35,1.66,2.43,0.06,0.29,0.06,-1.81,0.06,-2.00,0.32,1.00,0.17,5.39,0.00,0.00,0.20,0.22,-0.28
1,1.11,1.05,1.08,0.80,0.27,0.22,-37.63,0.40,1.00,2.50,0.17,1.08,1.72,3.36,0.14,0.20,0.06,0.15,0.00,0.01,0.01,0.21,0.12,48.68,24.38,6.07,0.30,0.33,-10.08
1,1.25,3.59,1.07,0.99,0.17,0.10,-5.30,0.66,378.44,569.93,0.09,1.37,5.94,9.15,0.54,0.21,0.47,213.50,0.00,0.21,0.00,0.35,0.03,21.43,15.05,7.84,2.30,45.53,-251.05
1,1.33,1.32,-1.00,0.34,0.17,0.04,117.29,0.87,-2.80,-3.21,0.17,2.03,0.88,13.50,0.15,0.39,0.13,2.57,0.15,2.88,0.43,0.71,0.44,3.60,23.01,0.31,0.35,0.43,-0.73
1,0.00,-1.00,-1.00,0.21,0.02,0.01,0.00,1.01,-1.45,-1.44,0.00,0.02,0.00,0.00,0.00,0.00,0.00,0.00,0.02,-2.00,0.00,0.00,0.00,0.00,0.00,0.00,0.00,0.00,0.00
1,1.05,2.84,-1.00,0.72,0.53,0.02,203.24,0.31,-0.81,-2.59,0.30,2.06,2.34,8.30,0.70,0.22,0.28,6.61,0.08,2.00,0.07,0.41,0.09,2.88,4.78,0.84,1.28,4.48,-3.33
1,1.17,1.12,-1.00,0.49,0.32,0.22,14.10,0.63,-3.80,-6.07,0.27,2.07,0.88,3.97,0.21,0.45,0.14,1.08,0.08,0.66,0.27,0.64,0.51,45.18,13.03,16.60,0.30,0.32,-6.69
1,1.14,0.99,1.50,0.98,0.17,0.04,-0.92,0.52,2.82,5.41,0.47,3.15,0.82,6.75,0.21,0.05,0.11,0.72,0.12,0.77,0.06,0.13,0.06,36.36,24.14,14.00,2.12,3.13,-392.83
1,0.62,0.41,0.06,1.00,0.72,0.00,204.94,0.92,284.35,309.65,0.13,1.40,4.39,5.23,0.20,0.12,0.20,6.53,0.05,1.77,0.03,0.07,0.03,1.99,9.67,22.04,1.65,3 776.94,538.26
1,0.81,0.25,0.78,0.92,0.11,0.03,51.31,0.20,2.57,13.02,0.03,0.10,7.74,0.00,0.09,0.01,0.02,0.21,0.02,0.25,0.02,0.09,0.00,17.48,8.21,26.01,1.51,9.42,-19.65
1,0.08,0.41,-1.00,0.86,0.83,0.00,-40.72,1.09,-6.93,-6.37,0.09,0.78,8.31,0.00,0.24,0.72,0.25,-4.01,0.07,-1.10,0.20,0.03,0.09,0.37,37.75,7.24,0.35,1 342.95,-2.30
1,5.91,3.69,-1.00,0.95,0.50,0.02,94.01,0.45,-35.75,-78.87,0.17,0.95,1.10,2.14,0.19,0.05,0.12,-24.08,0.01,-1.98,0.00,0.13,0.05,5.86,3.96,6.03,2.27,48.62,-33.36
1,0.96,0.00,-1.00,2.84,2.71,0.01,326.86,0.74,-60.73,-82.27,0.00,1.38,2.32,0.00,0.30,1.64,0.20,9.97,0.06,3.10,0.51,0.79,0.71,0.17,1.12,-0.80,0.12,0.55,0.26
1,1.19,1.03,1.00,1.00,1.00,1.00,87.80,0.87,5.96,6.85,0.06,0.00,93.07,0.00,0.21,0.73,0.29,1.27,0.00,0.00,0.00,0.21,0.01,46.77,5 963.04,-4.57,0.39,0.40,1.93
1,1.08,1.08,-1.00,1.52,1.51,0.00,150.18,1.87,-2.11,-1.13,0.15,1.07,0.66,1.71,0.09,0.53,0.18,1.48,0.14,1.15,0.41,1.00,0.80,2.43,0.00,0.00,0.33,0.39,6.50
1,0.22,0.20,-1.00,0.26,0.24,0.00,167.14,2.19,-1.69,-0.77,0.01,0.65,1.13,3.56,0.01,0.47,0.02,-0.36,0.13,-2.12,2.80,0.77,0.42,0.21,2.18,0.00,0.05,0.07,-0.07
1,1.04,0.65,0.80,0.19,0.03,0.00,-42.15,0.34,1.04,3.10,0.07,0.47,0.04,4.31,0.00,0.00,0.00,0.00,0.08,0.22,0.13,0.21,0.04,62.70,9.07,4.14,0.63,0.67,-2.04
1,1 024.43,5.03,2.02,715.97,142.04,142.04,2.60,0.59,1.55,2.61,0.02,0.00,81.38,0.00,1.29,1 388.79,1.29,2.68,0.01,0.02,9.25,0.00,17.06,140.61,0.00,0.09,0.00,0.00,0.00
1,192.83,7.73,-1.00,0.79,0.30,0.30,-22.61,1.06,-2.72,-2.58,0.18,0.65,1.31,2.11,0.15,0.11,0.16,-3.17,0.10,-2.00,0.07,0.13,0.08,2 340.21,10.48,6.34,1.54,2.28,-15.66
1,1.34,1.06,1.04,1.14,0.58,0.02,201.71,0.47,2.51,5.36,0.11,0.95,1.86,3.46,0.19,0.09,0.11,0.49,0.01,0.04,0.01,0.16,0.05,2.55,2.55,4.32,1.24,13.82,9.02
1,2.44,0.40,1.03,1.85,0.07,0.01,92.76,0.26,0.54,2.04,0.14,1.30,0.84,2.43,0.12,0.02,0.04,0.07,0.02,0.03,0.01,0.03,0.02,65.68,4.15,550.93,2.20,39.90,4.52
1,0.06,1.02,1.83,4.51,2.49,0.11,215.28,0.38,0.84,2.21,0.10,0.82,5.64,0.00,0.56,12.18,0.25,0.61,0.01,0.03,0.67,1.00,2.16,0.07,0.00,-1.70,0.02,0.04,0.05
1,1.26,0.53,1.48,1.29,1.06,0.27,44.24,0.66,2.88,4.39,0.08,0.94,0.80,0.00,0.06,0.01,0.05,0.21,0.09,0.39,0.03,0.22,0.02,8.17,116.82,102.16,3.19,8 389.37,12.05
1,1.00,24.49,2.17,0.54,0.23,0.22,-146.90,0.79,9.82,12.36,0.09,46.76,8.45,50.58,0.75,3.08,1.14,10.04,0.14,1.21,0.37,0.61,0.36,77.37,6.95,1.79,0.37,0.61,-0.62
1,0.65,0.24,0.68,1.05,0.83,0.25,-125.11,0.01,0.09,6.66,3.92,0.75,11.54,14.41,27.44,0.33,0.30,1.92,0.03,0.18,0.03,0.11,0.03,2.25,6.25,1.06,0.93,9.04,24.43
1,0.71,0.86,-1.00,1.00,0.37,0.06,212.73,0.65,-4.05,-6.20,0.10,3.79,4.30,14.81,0.45,0.80,0.37,-9.18,0.08,-2.00,0.17,0.14,0.19,2.17,1.92,2.50,0.46,1.54,-202.69
1,0.00,6.86,-1.00,0.00,0.00,0.00,0.00,0.62,-6.15,-9.84,0.00,0.01,52.76,56.85,0.08,0.00,0.05,-1.59,0.06,-2.00,0.00,0.00,0.00,0.00,0.00,0.00,0.00,0.00,0.00
1,2.73,16.67,3.94,0.36,0.08,0.07,-22.27,0.80,17.25,21.52,0.22,2.23,0.31,1.68,0.04,0.02,0.06,1.18,0.06,1.17,0.02,0.43,0.07,876.95,24.40,9.70,2.78,3.19,-7.74
1,95.49,0.65,2.18,1.29,0.43,0.07,-10.86,0.16,0.85,5.48,0.06,0.96,7.62,0.00,0.33,0.04,0.09,0.39,0.03,0.12,0.01,0.05,0.01,10.86,9.82,4.47,2.32,10.76,6.60
1,0.18,0.74,0.65,26.08,14.16,0.00,0.00,0.84,5.27,6.27,0.09,9.64,0.21,4.37,0.02,0.13,0.02,0.09,0.08,0.42,0.64,0.19,0.58,0.84,0.71,0.00,0.13,0.20,0.39
1,1.25,1.25,13.24,0.99,0.77,0.20,85.64,0.74,21.12,28.72,0.04,1.24,0.00,0.00,0.00,0.00,0.00,0.00,0.01,0.30,0.01,0.27,0.05,1.70,1.96,1.16,0.71,20.85,-37.15
1,2.13,2.39,4.57,1.26,0.00,0.00,-3.00,0.96,683.92,714.56,0.00,0.00,1.22,0.00,0.00,0.74,0.00,2.56,0.00,2.06,0.60,1.00,0.61,5 283.13,0.00,118.91,0.00,0.01,0.02
1,-1.00,7.68,-1.00,2.59,0.96,0.02,0.00,1.09,-1.14,-1.04,0.06,1.78,0.13,1.24,0.01,0.00,0.01,-0.39,0.04,-2.00,0.00,0.00,0.00,0.00,0.00,0.00,0.00,0.00,0.00
1,1.00,1.18,-1.00,0.17,0.17,0.00,182.24,0.55,-14.81,-26.97,0.00,0.03,51.91,3.02,0.17,6.79,0.09,-14.99,0.06,-9.75,4.41,0.09,0.13,0.11,2.00,0.00,0.01,0.02,-0.03
1,0.65,0.99,0.97,1.14,0.62,0.02,202.53,0.51,6.04,11.75,0.16,1.03,2.91,4.38,0.46,0.22,0.24,2.70,0.00,0.01,0.00,0.17,0.08,2.65,2.55,4.65,1.09,40.10,9.30
1,-1.00,0.67,-1.00,3.58,0.18,0.00,0.00,0.34,-0.58,-1.70,0.03,0.00,0.00,0.00,0.00,0.00,0.00,0.00,0.43,-2.00,0.00,0.00,0.00,0.00,0.00,0.00,0.00,0.00,0.00
1,-1.00,3.79,-1.00,36.55,8.63,7.52,0.00,0.88,-1.66,-1.89,0.01,0.36,0.80,0.00,0.01,0.00,0.01,-0.72,0.03,-2.00,0.00,0.00,0.00,0.00,0.00,0.01,0.00,0.00,0.00
1,1.20,1.09,-1.00,0.63,0.26,0.01,152.52,1.05,-1.84,-1.75,0.10,1.27,3.07,5.29,0.31,0.17,0.37,-1.64,0.21,-0.90,0.10,0.29,0.06,5.74,3.42,20.75,2.17,39.25,-3.43
1,1.43,4.04,7.82,1.11,0.48,0.02,18.16,0.87,8.88,10.16,0.21,2.40,4.69,15.00,0.98,0.22,1.31,15.41,0.10,1.21,0.02,0.06,0.05,12.28,205 044.29,31.53,5.89,44 308.74,38.99
1,0.85,1.49,1.02,6.55,5.41,1.30,106.35,0.62,1.71,2.76,0.06,1.21,0.50,1.81,0.02,0.10,0.02,0.04,0.01,0.02,0.05,0.38,0.19,3.66,3.24,3.44,0.22,0.27,1.45
1,0.72,0.44,1.12,1.43,0.38,0.08,108.11,0.48,0.95,1.97,0.11,1.21,0.00,1.05,0.00,0.00,0.00,0.00,0.01,0.08,0.02,0.09,0.02,12.41,4.58,376.32,0.45,7.87,10.86
1,1.00,1.00,1.00,1.35,1.06,0.00,26.97,0.41,1.03,2.51,0.09,2.07,3.79,7.77,0.28,0.32,0.12,0.29,0.03,0.08,0.08,0.12,0.10,2.07,6.23,1.76,0.36,0.47,6.35
1,0.49,0.16,0.49,0.81,0.73,0.00,112.00,0.24,12.90,54.09,0.03,0.34,3.06,0.00,0.10,0.07,0.02,0.86,0.03,1.04,0.08,0.14,0.02,0.66,3.26,0.48,0.35,0.96,-2.39
1,0.37,0.55,1.02,0.91,0.63,0.00,321.03,0.00,0.00,1.85,1.00,2.06,0.07,0.00,0.00,0.01,0.00,0.00,0.02,0.03,0.13,0.14,0.13,0.51,1.14,0.36,0.13,0.20,-3.31
1,0.00,1.00,1.53,3.56,0.01,0.01,0.00,0.45,1.02,2.27,0.11,0.00,2.03,0.00,0.23,0.00,0.14,0.29,0.07,0.14,0.00,0.00,0.00,0.00,0.00,-0.51,0.00,0.00,0.00
1,0.80,0.75,1.28,1.06,0.26,0.04,8.17,0.19,1.30,6.68,0.57,0.77,0.33,1.67,0.18,0.01,0.04,0.27,0.04,0.27,0.01,0.10,0.01,16.67,6.94,5.51,4.55,57.15,83.86
1,1.25,0.35,5.86,3.25,0.52,0.51,269.19,0.21,0.30,1.41,0.06,0.50,0.58,4.69,0.04,0.14,0.02,0.02,0.02,0.02,0.14,0.76,0.14,19.73,1.38,25.84,0.11,0.15,0.34
1,-1.00,9.29,-1.00,0.00,0.00,0.00,0.00,0.00,0.00,0.00,1.00,0.00,0.00,0.00,0.00,0.00,0.00,0.00,1.64,-2.00,0.00,0.00,0.00,0.00,0.00,0.00,0.00,0.00,0.00
1,0.21,0.39,1.04,1.37,0.56,0.02,-58.70,0.28,0.79,2.85,0.30,0.00,0.48,1.67,0.48,0.38,0.11,0.39,0.02,0.08,0.08,2.68,0.15,0.75,2.07,1.56,0.30,2.87,1.47
1,0.72,7.09,0.18,0.12,0.02,0.00,126.10,0.34,3.37,10.04,0.67,5.43,0.01,1.33,0.01,0.00,0.00,0.01,0.16,0.56,0.41,0.13,0.50,9.95,4.08,0.77,0.40,0.48,-0.84
1,1.10,0.71,-1.00,0.32,0.00,0.00,0.00,0.94,-7.84,-8.34,0.03,208.32,0.68,0.00,0.02,53.13,0.02,-0.49,0.03,-0.72,78.76,1.00,78.38,0.37,0.00,0.00,0.00,0.00,0.00
1,0.67,0.69,1.05,0.15,0.10,0.00,141.95,0.18,0.42,2.35,0.43,1.46,2.97,6.38,0.60,0.36,0.11,0.26,0.02,0.05,0.07,0.29,0.12,6.61,4.21,0.49,0.30,0.34,-0.61
1,1.17,0.85,1.07,1.55,0.85,0.01,134.97,0.47,1.17,2.47,0.24,1.71,0.66,3.33,0.11,0.04,0.05,0.13,0.03,0.07,0.02,0.10,0.05,3.24,8.54,17.93,1.49,8.05,4.72
1,0.78,0.60,0.90,0.18,0.09,0.00,212.79,0.55,1.70,3.12,0.09,0.26,0.05,1.03,0.00,0.01,0.00,0.01,0.04,0.11,0.17,0.92,0.06,23.27,1.85,0.19,0.20,0.21,-1.91
1,1.05,1.05,-1.00,0.06,0.05,0.02,8.89,1.14,-2.12,-1.85,0.10,0.27,1.27,0.00,0.10,0.55,0.11,-0.93,0.27,-2.29,1.36,1.00,0.43,41.06,0.17,0.06,0.20,0.20,-1.29
1,1.00,0.64,0.92,0.16,0.02,0.00,0.00,0.09,0.27,2.90,0.10,0.62,8.97,8.17,0.88,18 009.24,0.08,0.23,0.02,0.07,5 263.27,1.00,2 006.99,0.00,0.00,0.00,0.00,0.00,0.00
1,0.88,0.99,-1.00,0.63,0.62,0.00,155.66,0.32,-2.98,-9.31,0.19,0.00,0.94,0.00,0.18,0.25,0.06,-1.31,0.05,-1.23,0.24,0.02,0.27,0.56,2.34,0.05,0.23,0.45,-0.77
1,0.90,1.47,-1.00,0.96,0.36,0.00,102.63,0.81,-8.60,-10.65,0.08,0.84,1.36,1.22,0.02,0.01,0.02,-1.31,0.03,-2.00,0.02,0.20,0.06,4.18,1.52,1.62,1.28,132.25,-26.70
1,0.91,0.53,1.24,1.18,0.67,0.00,202.21,0.38,6.98,18.20,0.09,0.00,0.36,0.00,0.03,0.04,0.02,0.26,0.01,0.22,0.04,0.11,0.12,0.87,1.81,0.95,0.37,1.31,2.49
1,1.00,1.00,-1.00,0.61,0.16,0.00,0.00,0.42,-2.75,-6.54,0.08,0.94,5.39,0.00,0.42,212.26,0.23,-7.84,0.06,-2.00,54.13,0.63,39.41,0.01,0.01,0.52,0.00,0.00,0.00
1,0.73,1.69,0.63,2.46,2.15,0.06,0.00,0.31,0.45,1.45,0.76,0.00,0.02,0.00,0.02,0.04,0.01,0.01,0.23,0.28,1.72,0.88,1.64,0.24,0.08,-0.89,0.14,0.56,0.32
1,1.00,1.16,1.00,0.80,0.65,0.01,16.29,0.71,4.86,6.82,0.16,2.10,11.68,13.61,0.78,0.29,0.56,3.81,0.05,0.33,0.02,0.11,0.05,4.36,17.54,4.14,1.93,4.27,-13.80
1,2.06,4.44,-1.00,2.94,1.73,0.16,123.15,1.12,-5.33,-4.77,0.07,0.00,1.19,0.00,0.08,0.14,0.10,3.40,0.06,2.19,0.09,0.20,0.12,5.82,6.04,0.90,0.69,0.89,3.77
1,1.10,1.02,0.32,1.70,1.05,0.14,308.10,0.89,76.61,85.83,0.12,1.39,3 230.41,2.36,90.81,172.35,78.78,3 350.01,0.02,1.04,0.05,0.56,0.19,2.72,2.10,0.38,0.46,0.64,4.13
1,0.83,0.65,0.42,0.25,0.02,0.00,-25.50,0.80,20.81,26.04,0.05,1.26,0.65,4.43,0.03,0.21,0.03,0.41,0.06,0.80,0.41,0.05,0.32,19.78,2.57,1.96,0.14,0.15,-0.39
1,2.52,1.62,-1.00,0.84,0.56,0.00,235.55,0.56,-35.70,-64.31,0.08,3.78,2.02,0.00,0.12,0.25,0.06,-222.78,0.00,-0.24,0.00,0.19,0.12,0.89,1.55,0.50,0.26,0.47,-3.07
1,0.45,0.76,-1.00,11.01,6.77,1.13,253.68,0.60,-18.05,-30.13,0.02,69.51,0.43,41.36,0.01,0.47,0.01,-1.23,0.01,-2.58,0.99,0.09,1.09,0.15,1.44,0.72,0.01,0.02,0.06
1,0.87,0.64,1.04,1.13,0.54,0.23,2.58,0.79,4.75,6.01,0.15,1.08,16.46,2.49,0.18,0.68,0.13,0.86,0.01,0.04,0.03,0.98,0.55,141.70,0.70,0.39,0.19,0.19,204.33
1,49.57,0.65,-1.00,1.65,0.16,0.09,-219.90,1.37,-2.76,-2.01,0.04,0.00,1.19,0.00,0.05,0.33,0.07,1.37,0.05,1.03,0.25,0.49,0.27,66.38,121.63,1.60,0.22,0.27,3.61
1,0.00,0.88,-1.00,25.47,0.14,0.14,-10.74,0.75,-11.00,-14.59,0.01,0.00,34.14,0.00,0.38,0.00,0.35,-64.78,0.01,-2.00,0.00,0.00,0.00,0.00,0.00,33.99,0.00,0.00,0.00
1,0.98,0.88,1.35,2.25,1.27,0.09,86.46,0.60,3.82,6.35,0.21,2.06,0.03,7.41,0.01,0.00,0.00,0.03,0.07,0.47,0.06,0.15,0.11,3.64,5.85,4.79,1.17,2.40,3.77
1,0.22,0.14,0.90,0.95,0.94,0.00,0.00,0.34,1.55,4.55,0.13,0.04,8.02,0.00,0.03,0.10,0.01,0.04,0.03,0.11,0.27,1.00,0.01,0.12,0.00,0.00,0.10,0.49,-2.64
1,1.00,1.17,1.18,1.10,0.74,0.00,36.23,0.54,1.16,2.13,0.20,0.00,0.00,1.14,0.00,0.00,0.00,0.00,0.04,0.09,0.01,0.13,0.04,8.93,14.23,12.04,3.04,7.00,51.01
1,4.46,4.77,2.90,0.99,0.31,0.13,40.23,0.53,66.99,126.35,0.20,1.06,4.94,0.00,0.92,0.08,0.50,91.64,0.01,0.97,0.00,0.10,0.02,21.74,8.31,17.83,5.90,404.23,-726.28
1,1.11,0.28,0.89,0.92,0.82,0.22,-0.44,0.61,1.59,2.59,0.21,0.00,0.65,51.62,0.21,0.34,0.18,0.32,0.10,0.18,0.19,1.02,0.52,1.83,15.79,1.63,0.54,1.12,-7.84
1,1.56,0.20,-1.00,3.41,48.02,44.62,0.00,1.49,-17.27,-11.62,0.04,0.37,0.00,4.31,0.00,0.00,0.00,0.00,0.09,0.59,0.13,0.06,0.06,0.53,0.04,0.61,0.72,0.59,8.49
1,0.40,1.91,1.10,1.00,0.21,0.01,301.05,0.21,16.31,78.30,0.18,1.13,0.00,0.00,0.00,0.00,0.00,0.00,0.00,0.08,0.01,0.23,0.19,0.60,1.21,0.60,0.19,2.29,-65.51
1,0.54,0.20,-1.00,2.05,2.32,0.27,0.00,0.57,-2.65,-4.66,0.18,0.63,0.30,5.55,0.04,0.09,0.04,0.21,0.08,0.45,0.18,0.37,0.37,0.29,0.20,-0.80,0.42,3.10,0.62
1,1.20,0.00,-1.00,0.00,2.97,0.00,0.00,2.78,-1.56,-0.56,0.00,0.00,1.00,0.00,0.01,0.23,0.03,0.03,0.03,0.03,0.23,0.60,0.23,0.05,0.08,0.03,0.11,0.11,-0.12
1,0.76,0.60,1.28,0.81,0.10,0.01,73.01,0.37,13.97,37.34,0.13,1.04,0.97,2.05,0.10,0.08,0.04,1.61,0.01,0.24,0.01,0.25,0.08,5.00,0.60,0.51,0.49,2.30,-2.71
1,1.29,0.52,-1.00,0.15,0.07,0.00,17.84,0.59,-1.09,-1.85,0.09,0.59,0.38,1.46,0.03,0.03,0.02,-0.08,0.04,-0.16,0.06,0.11,0.08,8.93,9.36,5.88,0.62,0.74,-0.77
1,0.98,1.22,-1.00,0.28,0.02,0.00,-327.24,0.65,-9.10,-14.08,0.13,0.67,0.83,2.06,0.08,0.12,0.05,-7.19,0.01,-2.00,0.03,0.38,0.14,37.58,33.10,1.05,0.43,0.48,-1.60
1,0.75,3.05,-1.00,0.05,0.00,0.00,0.00,1.17,-0.47,-0.41,0.12,0.42,0.69,1.84,0.08,2.18,0.09,-0.49,0.45,-2.37,10.58,1.00,3.15,0.00,0.00,0.00,0.04,0.05,-0.02
1,0.55,0.64,0.55,1.09,0.42,0.10,130.92,0.39,1.35,3.46,0.63,1.01,0.40,2.71,0.04,0.01,0.01,0.04,0.00,0.01,0.00,0.10,0.03,5.09,3.91,10.69,1.27,5.48,21.91
1,0.01,0.95,-1.00,1.61,1.63,0.02,174.49,1.07,-5.89,-5.49,0.24,0.00,1.00,10.95,0.94,161.90,0.94,3.15,0.18,0.60,31.01,117.35,41.71,0.04,2.09,0.00,0.01,0.01,0.09