real_gdp;GDD_Agr_R;GDD_Min_R;GDD_Man_R;GDD_Elc_R;GDD_Con_R;GDD_Trd_R;GDD_Trn_R;GDD_Inf_R;GDD_Est_R;GDD_R;Rincpop_q;Rexppop_q;Rwage_q;imp;exp;usdkzt;eurkzt;rurkzt;poil;GDP_DEF;cpi;realest_resed_prim;realest_resed_sec;realest_comm;index_stock_weighted;ntrade_Agr;ntrade_Min;ntrade_Man;ntrade_Elc;ntrade_Con;ntrade_Trd;ntrade_Trn;ntrade_Inf;fed_fund_rate;govsec_rate_kzt_3m;govsec_rate_kzt_1y;govsec_rate_kzt_7y;govsec_rate_kzt_10y;tonia_rate;rate_kzt_mort_0y_1y;rate_kzt_mort_1y_iy;rate_kzt_corp_0y_1y;rate_usd_corp_0y_1y;rate_kzt_corp_1y_iy;rate_usd_corp_1y_iy;rate_kzt_indv_0y_1y;rate_kzt_indv_1y_iy;realest_resed_prim_rus;realest_resed_sec_rus;cred_portfolio;coef_k1;coef_k3;provisions;percent_margin;com_inc; com_exp ;oper_inc;oth_inc;DR
2434.8701;137.05470000000003;403.1685;244.93810000000002;42.9814;274.23409999999996;287.79859999999996;210.8547;94.00089999999999;222.0696;2320.8332;22.498319270671338;38.73460514538741;44.45650673309685;5677.663970885906;15106.73515933;147.7;204.9;4.9;76.7;165.13728596856154;153.88823450314231;101.3;100.4;100.6;106.9;100.47681445205023;101.786765810017;104.74501397902836;101.98620068615305;97.60649627044054;102.6607721945946;101.15664300639979;101.38181895583674;0.1;1.5;3.1;7.8;7.7;0.1;10.7;11.3;14.9;11.0;14.5;12.9;30.3;21.5;100.6;101.0;193.0;0.31;0.03;83.91;0.06;1125517.36;175988.45;3211104.05;411132.7;0.02
2506.4103;139.70620000000002;406.1253;273.01959999999997;42.8145;273.90590000000003;309.7824;206.0666;97.4667;198.5601;2374.0142;24.35041706107756;38.66346778277045;49.15861804001107;7909.352411967349;15464.31077301;146.8;187.0;4.9;78.7;187.1706918855225;156.81211095870205;99.8;100.2;100.8;74.6;100.83636369804;101.39955378810383;105.29835767080044;101.85346610325887;100.35534597613824;103.39502593424406;101.73607574767883;102.2503731162717;0.2;1.5;2.6;7.3;7.3;0.2;11.2;11.4;14.2;11.0;13.4;12.3;25.5;21.3;99.5;100.3;183.28;0.32;0.06;74.55;0.06;1509069.76;191369.75;3776480.95;369998.2;0.02
2512.3491;116.6584;349.4932;242.065;43.2506;284.9541;319.6026;247.8942;86.5686;205.499;2270.6075;25.856731988876014;46.43157168213421;51.057841572048986;9278.875823418319;15264.802113540005;147.4;190.2;4.8;76.4;215.85711157736802;157.90979573541298;100.2;101.1;100.7;108.9;95.90642251863733;100.41195027550029;102.71162132339722;101.16658976402542;101.91059590136749;103.03379787711879;101.9142594067521;102.93012913452075;0.2;1.2;2.4;7.8;6.8;0.3;12.8;11.1;13.8;10.6;13.2;12.0;24.7;20.9;100.0;100.4;243.65;0.43;0.25;86.63;0.06;1811025.26;219077.65;3417365.05;361438.0;0.02
2816.4435;125.1525;456.91929999999996;279.4155;44.0749;287.0324;349.39790000000005;305.44109999999995;143.67770000000002;247.47;2687.754;26.310476777762602;47.83226473439691;52.18661057484545;10025.60700301153;16848.244676500006;147.5;200.6;4.8;86.8;272.69458449991987;161.22590144585664;101.5;101.9;99.9;111.8;90.94846908530961;103.31198108023996;100.24848055931852;99.69674283608218;102.54993663678952;103.7494684871336;102.37027919543044;102.59368328863101;0.2;0.9;2.4;8.9;7.9;0.3;11.3;10.5;13.5;9.9;11.6;9.5;28.2;20.3;100.2;100.9;232.46;0.33;0.04;80.06;0.06;2059290.86;178291.85;3913204.35;390177.7;0.02
2582.0281;135.4387;410.5705;259.9057;44.3606;274.6952;319.6576;219.0542;108.5427;217.4844;2462.6477;24.924758661620366;47.02387838106281;48.49766522599113;7305.400340997676;24661.077787109996;146.4;199.9;5.0;104.9;202.94990205567473;167.0300338979075;104.3;103.4;100.1;101.2;99.68837487884993;100.4581278169182;101.43997016850064;100.7966663855537;100.04116499341815;102.51535333494132;100.84508572268409;103.4482619614862;0.2;0.9;1.7;8.9;8.9;0.2;13.4;11.1;12.9;10.4;11.4;6.3;28.4;22.8;101.5;101.3;234.03;0.32;0.04;78.81;0.06;1784063.16;239975.45;4062113.55;411328.5;0.03
2714.742;137.25779999999997;408.0741;287.17909999999995;44.6802;266.9681;344.1317;211.9925;106.73989999999999;195.75289999999998;2583.855;25.624389762198057;48.129645187668736;50.12411804925439;11144.22990504768;22028.147990169997;145.6;209.6;5.2;117.1;221.00838311706963;170.03657450806983;100.9;101.6;100.0;89.7;99.52638117223951;100.12006592536062;101.34288904708224;101.06916537822792;99.3808783891594;102.64542734149158;100.6056378002038;102.12563411778919;0.1;0.8;1.8;8.4;8.4;0.2;13.1;11.8;12.6;9.7;11.4;10.0;24.5;22.2;101.6;101.1;239.85;0.34;0.04;78.75;0.06;3208277.16;303592.85;4482621.55;464637.8;0.03
2689.9273;150.87820000000002;332.13329999999996;260.1077;45.7569;291.3467;359.35790000000003;256.946;101.3721;203.73239999999998;2416.467;27.547725385666872;52.330627680217624;53.909776308599476;10379.147101701303;20755.196142300003;146.6;207.4;5.1;112.5;276.0263669579472;171.90697682765858;101.0;101.8;100.4;72.9;106.65098305680345;98.93173599869199;101.68849765194507;101.42107647549446;100.57402246199838;102.98286346429124;100.91954139754691;103.3226800775438;0.1;1.2;1.8;9.2;9.2;0.5;10.6;11.8;11.9;9.0;11.2;7.8;22.0;22.2;101.7;101.0;258.85;0.33;0.04;89.65;0.06;5072943.26;291576.45;4935996.45;439672.2;0.03
3019.6632;213.8609;434.92109999999997;278.593;48.229800000000004;285.9051;379.9087;313.27;178.7739;281.9996;2913.4073;29.438663714648605;54.82299566580609;57.96307752961076;11521.050928378623;21618.368128859995;147.9;199.6;4.7;109.3;317.19144042289236;173.62604659593518;101.2;102.1;96.7;98.3;116.16621155284447;98.63169507292791;99.92430572938908;102.32282641388342;99.89935202453051;102.22293606235597;100.78806458970895;107.6240994550894;0.1;1.0;1.9;4.2;4.9;0.8;11.6;11.3;11.3;8.1;10.4;6.5;21.5;22.7;101.8;102.4;274.81;0.29;0.04;95.32;0.06;7161793.76;1595814.55;4143869.95;471466.6;0.03
2763.2092000000002;128.1747;407.4699;281.97270000000003;47.511900000000004;271.8015;362.0922;233.5577;123.1726;220.60410000000002;2585.6417;27.61329844714716;52.90084961841268;54.14143132046268;9171.473665657135;22977.354167299993;148.1;194.1;4.9;118.6;220.6756513404776;175.53593310849044;102.5;100.9;102.1;112.7;98.86043390108742;99.80446478177763;102.03235353575822;101.72176312302797;99.74138341684726;103.02444115020648;101.44852095259316;102.95297849175442;0.1;1.0;2.3;4.4;4.8;0.1;11.5;12.1;11.4;7.3;11.0;9.5;22.1;23.6;103.3;103.2;278.55;0.3;0.04;93.95;0.06;8180743.56;494057.85;4897327.05;467215.1;0.03
2886.1425;127.222;404.1677;297.235;46.886300000000006;270.5972;393.8277;226.4741;117.92;213.34920000000002;2713.8937;28.497968228269535;50.66822690196405;56.33404009566264;10940.56508552283;20987.89599923;148.2;190.2;4.8;108.9;233.92024822059207;178.34450803822628;104.1;105.0;103.9;78.1;98.407449653396;99.75316542718608;100.90769303675356;101.1849362011142;100.32518193647539;103.4380025327043;101.42568240604975;102.19192504389203;0.2;1.4;1.7;5.0;5.0;0.6;12.7;12.4;11.3;6.8;11.2;10.0;21.2;22.9;103.1;102.8;288.36;0.27;0.05;109.6;0.05;9804025.66;501211.15;5441141.75;473144.1;0.03
2770.3329;132.0491;324.7088;242.1393;45.830400000000004;306.6768;408.3673;275.5601;108.4813;218.2754;2516.958;29.24486568932873;53.189489919306475;57.489210322151095;12323.112254147429;20975.89172911;149.7;187.2;4.7;110.0;288.76424923517317;180.30629762664674;102.9;103.8;100.3;99.2;96.96371343179993;99.52970560438642;98.39267689553097;100.03901586592133;101.36918618801134;103.27781183150063;101.806759499996;101.36390512905223;0.1;1.5;2.3;5.0;5.8;1.1;11.5;12.2;10.9;9.0;11.7;8.9;20.6;23.1;102.4;102.8;294.62;0.28;0.04;111.35;0.05;11466380.86;556698.45;5900619.45;490055.5;0.03
3140.7893;137.19389999999999;450.00390000000004;293.0135;48.8924;300.4016;437.8659;340.90840000000003;245.28379999999999;312.5001;3112.0812;30.1596004689238;55.482406401373794;59.34890514155527;14222.53109952574;21935.145523072388;150.4;195.1;4.8;110.5;323.6910543473897;183.73211728155306;102.2;102.9;98.9;100.3;87.24993418500077;100.95991293653053;101.3110260559667;100.35158952851133;101.27724650095342;103.75322846019732;102.63508475233967;112.58827991713034;0.2;2.1;2.3;5.8;5.8;1.6;11.4;11.5;10.8;7.9;10.3;9.6;23.8;24.1;101.4;102.8;306.75;0.27;0.04;114.54;0.05;14360588.66;529075.25;8334609.25;550668.8;0.03
2881.079;128.4974;420.1677;283.9606;46.5255;258.0067;408.46040000000005;249.6949;135.3858;225.3048;2698.9599;28.246659215331473;53.46059870486943;54.502407015706154;9952.614596157275;21517.214124429996;150.7;199.1;5.0;112.9;241.81686791649932;187.59049174446565;102.4;104.7;101.5;98.3;100.06150887933187;100.80044111316397;100.17838930938414;99.47842915382216;98.79990649661484;102.89411792168926;101.4990427777865;102.05312968126661;0.1;2.0;2.7;7.1;7.1;0.5;12.7;11.8;10.4;6.9;11.0;10.8;20.4;24.0;101.9;101.7;310.08;0.27;0.04;98.28;0.06;15007259.96;615677.15;6844761.55;762181.2;0.03
3051.7461000000003;129.7908;409.4633;300.6511;48.1749;287.2605;439.007;245.3112;135.86079999999998;220.4607;2860.0201;29.40574465512587;53.66633594924422;56.62634334786958;12883.586688481364;20679.838389800003;151.1;197.3;4.8;103.0;246.8441657056595;189.27880617016586;102.3;103.9;100.3;90.8;100.4893302834641;100.3311720266576;100.30600661943889;100.68493514749545;101.46725012796271;102.74059546576682;101.72400269988904;102.95530554997777;0.1;2.4;2.9;6.1;6.1;0.9;10.9;11.6;10.7;7.3;10.4;9.7;18.1;22.5;101.1;101.0;322.52;0.25;0.04;124.37;0.06;17722751.86;634535.55;7620005.25;781312.4;0.03
2958.3537;149.3691;343.2568;240.009;46.817800000000005;323.5121;461.23720000000003;296.547;122.0253;220.2681;2680.149;29.992806602977705;55.42173082122442;57.54411844342872;12837.20264868798;21515.757821709987;152.9;202.6;4.7;110.1;313.28239081080807;190.41447900718686;101.7;103.1;100.4;103.0;103.28321813003667;101.15611137438943;99.80975464037304;100.52126666638512;101.46095928165997;103.12156115431499;101.88820329317466;102.16699943377058;0.1;2.0;2.7;5.9;5.9;2.8;11.7;11.8;10.4;7.1;11.7;10.5;20.0;21.3;101.2;100.4;333.51;0.25;0.04;110.47;0.06;21135859.36;682799.15;10163721.15;884096.4;0.03
3360.0391;174.702;466.0578;320.012;48.9646;318.80859999999996;484.10720000000003;365.771;276.5314;316.2357;3316.3462999999997;31.226037424614322;56.90296542230137;60.71660197424817;13492.525676968735;23986.38780332;153.8;209.4;4.7;109.4;364.01456459241797;192.31862379725874;103.7;102.7;100.7;102.0;106.88409973218376;100.98921573140092;102.41568305622717;100.03791805708295;101.57435004283768;102.64754843849704;102.19544770396169;104.8934807096703;0.1;2.1;3.0;4.8;4.8;2.6;11.2;11.5;10.4;7.2;10.5;8.2;19.3;21.5;100.5;100.4;351.27;0.24;0.04;145.09;0.06;22030328.76;753596.25;8997647.45;1123733.6;0.03
3000.3437999999996;132.1646;415.0357;277.4303;47.1544;267.4123;458.8319;264.7044;150.16660000000002;224.0855;2796.1398;29.142391093974936;53.94326277681008;55.08058209356473;8523.991038195822;19574.42203004;170.2;233.3;4.8;107.9;264.4306129184263;197.51122663978475;107.4;109.4;101.1;114.0;100.6297143361495;99.68687185224451;99.42948510906598;100.33016104341179;100.7919919022415;102.80963679511706;101.29691414876785;102.20673741081896;0.1;2.3;3.0;6.4;6.4;7.9;11.4;11.4;10.5;7.9;10.5;8.4;14.9;21.5;102.1;101.2;381.67;0.25;0.04;166.11;0.06;19068753.66;815828.75;9393061.15;1238286.5;0.02
3170.1096000000002;132.9779;407.67690000000005;297.2188;48.8265;299.2838;466.8784;262.62640000000005;144.7533;225.5048;2957.7398;30.655940017088405;53.162524895717766;59.750698188307986;11033.33524305648;19256.996538429983;182.7;250.4;5.2;109.8;269.67915241794793;202.05398485249978;104.1;105.1;100.9;107.3;100.54384912627674;99.89066072163924;99.69841905262655;100.34095243776284;101.00445825311498;101.51213392612661;101.4769857317064;101.29896385265155;0.1;2.3;3.1;7.1;7.1;0.7;11.4;11.0;10.7;7.2;10.9;9.7;13.6;20.9;102.0;101.3;382.52;0.25;0.04;157.37;0.06;19721550.86;773559.05;9521521.35;1427547.0;0.02
3074.8071;147.211;346.1902;245.554;47.7339;337.1978;498.5281;315.9598;127.578;236.1079;2788.8607;30.86381208535691;55.41652010003779;59.85215458859605;11417.937576423987;17435.815986259997;182.5;242.2;5.0;102.1;343.37227528842374;204.07452470102479;99.7;101.5;100.6;107.0;99.63373214739102;100.17973965139797;100.48868829803482;100.47772436123073;101.13196938206318;101.9930416785784;101.63180932053224;100.80070473899193;0.1;2.8;3.4;7.2;7.2;1.4;11.5;11.4;10.1;6.7;10.7;9.2;17.9;20.1;100.4;100.9;380.32;0.24;0.04;144.57;0.06;22769776.26;757296.65;10027824.95;1592141.1;0.02
3522.1178;176.1419;467.69190000000003;339.91540000000003;51.245400000000004;335.3021;509.07809999999995;394.3437;299.7985;337.297;3481.3098;32.18423109273093;56.84777876586379;63.237008528207575;11478.508988860325;13839.093073279995;181.4;226.6;3.9;76.0;358.72864899635096;206.93156804683915;100.3;100.9;100.6;78.7;100.24527493567474;100.09994736264593;101.7455829167672;101.18372799583145;101.34893811045616;101.3085103662565;102.36321292480054;103.32848708916778;0.1;3.3;3.8;7.8;7.8;17.3;11.2;11.2;12.4;7.6;9.7;8.4;16.6;20.8;101.2;101.7;373.28;0.23;0.06;108.52;0.06;25161537.06;287272.15;11044545.05;1769326.9;0.02
3060.2427000000002;135.4915;418.7452;276.807;46.0324;271.4259;469.0448;283.589;156.99929999999998;228.8402;2867.998;29.46970839095207;53.32161329204312;56.540430783145155;8141.912540796923;11510.36783719;184.6;208.3;2.9;53.9;270.1588896854488;209.8286099994949;101.3;100.7;100.8;85.3;100.56532302546461;100.2266596610633;99.94627272989786;99.42449792316587;100.32388742378122;100.52825804776404;101.52586268819472;100.94596899555361;0.1;8.4;3.9;10.0;10.0;14.7;15.7;9.5;19.516470247581797;7.100002796490094;11.668385203637936;9.113727559943996;19.6;21.3;101.8;101.0;392.59;0.33;0.05;112.18;0.06;25713283.86;591316.55;10891206.15;1714334.6;0.02
3214.0682;135.78470000000002;411.4074;299.5757;48.1689;321.9093;482.5286;278.657;144.76739999999998;227.99429999999998;3024.9338;31.519337186032555;52.05111328255129;58.96816059232592;9333.555383780009;11301.77229860999;185.9;205.3;3.5;62.1;265.6104310418802;210.66792443949288;99.4;99.1;100.7;111.2;100.47426398092804;100.22742732719945;100.20326949175814;99.66074798465937;101.81992642270458;100.80524637291313;101.27579457817946;100.00193381391583;0.1;8.4;3.9;10.3;10.4;7.6;12.1;9.5;15.481211773291168;6.813313841712069;12.530863755666907;9.15761342355987;15.7;18.2;99.2;99.3;357.26;0.44;0.32;46.14;0.06;25802870.06;657638.85;13689096.85;1822801.2;0.02
3083.6996;151.4386;319.1139;252.9981;46.6151;347.7065;482.7212;327.97679999999997;129.7295;239.9285;2795.3325;32.10906926797702;54.14141245012506;58.76047528999356;8773.604683593552;9447.177586500004;216.2;240.9;3.4;50.0;344.7845114355497;212.14259991056934;102.2;102.0;100.3;89.6;100.7109641960005;98.35305787645478;100.6407097770878;99.42085281855422;100.83017922318633;99.19318780166965;100.94432475907615;100.29507235341424;0.1;4.7;4.7;6.2;6.1;8.1;10.0;9.9;14.710361542867766;6.601907490464756;11.586000803163024;9.510267555755588;17.8;18.2;99.1;98.2;410.0;0.43;0.29;50.54;0.06;25055203.36;952520.25;11179606.35;1701102.7;0.02
3561.1796;184.095;440.4326;328.7011;50.4996;347.8299;501.406;413.0535;318.31579999999997;351.9536;3545.9244;31.510838641785014;52.61753086393661;58.80122058593707;7682.439917149759;9388.07480045;300.2;328.7;4.6;43.4;377.6163634094725;231.44757650243116;108.1;105.6;100.3;106.7;101.32804726072197;98.31416194751826;99.04093590657355;99.61168748808977;100.98153804641036;99.60521725966409;101.45650692276342;102.53212555758984;0.2;13.2;11.1;7.4;6.8;36.6;17.2;9.6;16.23068518107534;7.583244532239913;12.636091585277486;6.384724116553007;15.1;17.9;99.6;98.3;444.39;0.3;0.04;52.98;0.06;26117137.86;1094862.45;11963387.15;1595414.7;0.02
3059.0323;138.6255;411.6594;276.8458;45.5689;286.92240000000004;439.1442;294.5668;150.8486;231.7398;2860.0757999999996;29.665778324273493;50.034005349798;54.999626238076296;5425.560493546105;7743.34933049;356.6;392.6;4.8;34.4;304.3148939617277;241.39982229203568;104.8;104.6;100.7;113.2;100.51647155335988;99.55426784855071;100.00335036753445;99.75773066549584;101.2023307829888;98.45530863605664;100.84232330473593;99.17970104506198;0.4;14.9;13.4;9.1;8.5;24.9;4.0;9.2;21.623363428688968;8.209653371809406;12.946551123834578;7.653711095528346;18.5;19.1;100.3;99.5;446.26;0.33;0.04;50.51;0.06;26723519.46;913089.65;11898493.75;1552554.3;0.02
3223.2459;138.4111;390.40520000000004;300.7437;47.609;343.762;466.0195;289.9934;137.93529999999998;232.1722;3029.406;30.965016325111264;48.363645653472624;58.3772066088248;6446.268961601212;9162.724965149997;335.6;379.0;5.1;46.0;311.7343917198498;245.98641891558438;97.7;98.5;100.1;101.6;100.43059704844939;98.67294177295237;100.10085304580085;99.70663208498708;101.67534762618004;99.13374435932415;100.86257292254214;99.08128875336124;0.4;14.5;13.5;9.3;8.4;14.4;15.5;9.4;17.41800586173602;8.376023759164136;14.222221047573283;7.9139374357468055;20.9;19.2;99.8;99.0;450.46;0.37;0.03;51.56;0.06;26455285.56;1163709.25;11786904.25;1729624.6;0.02
3099.8356;163.9543;295.7044;254.33329999999998;47.437400000000004;372.2654;483.459;337.9417;125.49210000000001;244.7968;2824.8602;30.608424280924066;50.247399511329576;56.71567010277882;6946.973522958579;9299.89033398;341.5;381.1;5.3;45.8;387.05501672411276;248.9382559425714;99.9;99.4;100.1;120.7;102.04314542235322;98.5009391903016;100.11517407182524;100.43212400272002;101.85179571908387;100.03905168865205;100.75173290695732;99.4249142134975;0.4;13.1;12.3;10.5;9.3;12.3;18.0;9.8;15.91586199652092;7.87117947947384;14.825037909032972;9.0291115710254;22.4;20.4;99.8;99.0;455.6;0.49;0.33;53.09;0.06;26721196.26;1284186.75;11302902.05;701928.7;0.02
3681.2976;196.6634;452.2817;343.45959999999997;51.0791;377.13590000000005;506.5195;422.333;339.2619;364.039;3668.8592000000003;32.45285633449224;52.225726837534125;60.95839819098412;7732.319750205541;10815.594044637264;334.9;361.9;5.3;50.1;424.1988993228909;253.66808280548028;98.5;99.0;100.2;114.0;102.01066765383766;100.7703216535466;101.27160055897522;100.30322073265876;102.16956177236007;100.27055144718173;100.69480457343813;102.85917751195142;0.5;11.8;12.0;9.6;10.0;11.5;14.6;9.6;15.25683984453682;6.844191976119588;14.60534579733139;7.693129910985087;22.0;19.9;99.7;99.5;410.68;0.4;0.03;47.14;0.06;27878091.56;1826890.45;12130778.55;746191.6;0.02
3171.3149;142.2366;436.5286;297.1866;47.279900000000005;307.40459999999996;451.61379999999997;304.9852;153.4511;234.8891;2963.7259;30.393817918275644;51.10437077819289;53.89346771727009;6343.175534709693;11200.114328226962;322.5;343.3;5.5;54.1;328.92848326099687;260.26345295842276;99.6;99.6;100.2;114.5;100.56630998959781;101.60441203632887;101.73056870683106;100.89256650168184;101.48412522497696;100.65797701090715;100.77469732529994;100.34537081678307;0.7;10.6;11.3;9.3;8.8;10.9;9.9;9.7;14.011842898854054;6.219429753966429;13.9488550351558;7.799019016663479;22.0;19.4;100.1;99.7;462.06;0.53;0.31;57.04;0.06;28567564.96;1536978.85;15970284.55;680585.4;0.02
3380.5208;142.5582;444.4692;319.9393;50.6607;360.73720000000003;475.6345;302.5985;142.6839;238.7009;3174.3411;31.159749870004703;50.39714675254939;56.707757178919536;7979.116524985893;11538.656106210712;314.7;345.9;5.5;50.2;328.79288007930614;264.4276682057575;100.3;99.8;100.1;106.8;100.64670571654108;103.43280950351826;101.60535481790434;101.57787734985682;101.21202263738873;100.50403336779527;100.93009181383287;100.62800506360988;1.0;9.8;9.2;9.2;8.3;10.0;15.9;9.7;13.66712647280551;6.065574224971597;14.187263003735334;7.609854946958215;21.6;19.7;100.3;99.5;470.71;0.52;0.3;59.81;0.06;30818177.06;1312502.95;10515776.15;744223.7;0.02
3228.9492;164.141;342.3653;265.0197;50.026;370.3047;503.586;358.641;130.6976;252.25529999999998;2940.6279;31.269497680036956;52.245267801827694;55.57636460743309;8018.3314490789935;12351.98459398361;332.4;390.3;5.6;51.7;421.0594424960294;266.27866188319786;101.2;99.9;99.8;123.5;100.0289272364573;102.86441750590657;100.87959787929861;101.31764135783334;99.86168321795648;101.0497975513382;101.51326336117832;100.68413395383557;1.2;9.2;9.0;8.9;9.0;9.4;13.5;9.7;13.400354597821687;5.262965047848114;13.847902270095823;7.972614682005979;22.0;19.8;100.1;99.1;421.3;0.5;0.3;73.82;0.06;34108887.56;1440663.95;13902272.45;784476.0;0.03
3821.5587;209.369;474.5758;365.4005;54.1547;380.81109999999995;525.6824;443.68809999999996;351.1087;368.7658;3800.9957999999997;33.099530273300985;53.50654672305198;60.16275804871669;8660.531665503666;14378.713578230856;334.4;393.7;5.7;61.5;503.37556243738976;272.1367924446282;99.9;99.3;100.0;105.9;101.96803217847852;101.33047886998486;101.7902094410174;101.5451727919769;100.25962458985079;100.98912754087561;101.53793392957311;101.54638885933784;1.2;9.3;9.2;8.9;8.8;9.3;14.6;9.3;13.120217734436737;5.216365271299063;14.409753456579626;5.51916276922809;21.5;20.6;100.6;100.1;231.49;0.38;0.03;25.49;0.06;38939710.26;1649264.65;15346462.45;940450.5;0.03
3307.7708;146.9906;458.97229999999996;314.8424;49.1911;325.368;478.8961;318.8368;163.0279;240.1577;3099.6751;31.130099006417563;53.43837887178309;54.91831509952107;7696.127235682892;14822.253556049995;323.2;397.3;5.7;67.0;356.3175145025163;277.5795282935208;100.6;99.7;100.2;112.2;100.72215788188088;101.32182023746554;101.41524229044524;100.94557080327506;101.26568989308214;101.3944322581044;100.98244373694601;101.23104403892684;1.4;8.9;8.6;8.9;8.9;8.772980654564728;7.9;9.6;12.815991120858317;5.360039706487838;13.84885486166888;5.697189756829363;23.4;20.7;101.2;100.8;229.18;0.38;0.03;25.51;0.06;39247807.06;1873724.05;13284024.05;881350.8;0.03
3519.4857;149.031;470.8433;332.779;53.784800000000004;367.7801;502.51390000000004;318.1634;150.99679999999998;242.16170000000002;3298.7421;32.41553287880223;52.31809031206033;57.936962150538086;8651.256207973083;15538.574403390001;329.8;393.5;5.3;74.5;371.38814060247495;280.91048263304305;101.0;100.3;99.9;99.0;100.97620301547916;101.53303689539757;101.01483407509899;101.53117763101467;100.490035979157;101.35494573795027;101.09322160323715;101.0555820875736;1.7;8.3;8.4;8.4;8.5;8.279499377010302;8.9;9.8;11.989737635517388;5.449084154553421;12.767624590376977;5.082165151505431;21.0;21.1;101.9;100.8;237.64;0.42;0.03;25.08;0.06;43997235.26;1982946.35;14813646.65;997580.1;0.04
3352.7264;161.6379;354.0003;278.1157;50.8234;390.3905;544.4407;373.1078;131.3405;262.7085;3052.5006000000003;33.578299026879826;53.93301138746597;57.305839192560185;9312.641237026794;15022.723415440003;356.0;413.8;5.5;75.5;444.7122944478857;282.3150350462082;100.3;100.4;100.1;91.0;99.62614161900648;100.66609161997202;101.02469277995331;100.38492618627647;101.39072921506933;102.03188635238733;101.00510703144863;100.0807834829254;1.9;8.4;8.8;9.1;8.4;8.389783772741703;14.1;8.7;12.099999999999998;5.4002859093375655;12.788493082107983;4.8818071389793705;20.9;19.8;101.6;100.7;471.22;0.53;0.37;67.48;0.06;48800906.66;2724046.05;15331709.25;1121266.3;0.04
3976.474;225.2804;491.23920000000004;377.2226;52.855599999999995;400.178;574.2781;463.8395;364.02070000000003;381.79359999999997;3952.2318999999998;34.993224143643786;56.952411921157584;61.437845785889394;9326.873999926125;13641.76550389998;369.8;422.1;5.6;67.4;554.5724855739028;286.5497605719013;100.6;100.7;100.0;104.9;102.38541531583732;100.94765005999517;100.9156343986884;99.37529453629168;101.3225597683395;102.36875047251249;101.38612285450486;101.62114540099807;2.2;8.8;8.7;8.7;8.5;8.266603567862703;11.3;8.2;12.413219055960461;5.190930068924819;11.373515042916871;6.059703474726659;21.1;19.3;101.4;101.8;491.53;0.39;0.04;63.45;0.06;53885717.16;1115202.55;17667145.65;1197715.2;0.04
3430.8583;151.3116;477.4853;319.08709999999996;48.583;352.3929;510.596;331.06329999999997;167.1716;243.1566;3214.7828;33.32584173422761;56.002627041288626;57.873239743869284;7414.714616041058;14938.565361670004;377.7;429.1;5.7;63.3;384.1854150607153;291.1345567410517;101.0;100.9;100.2;107.0;100.63270574760679;101.04295353986477;100.3257736981428;99.70574131075529;101.82143274530998;101.50942646946226;100.8295071568017;100.51195603975805;2.4;8.8;8.8;8.8;8.7;8.250199405019416;11.0;8.1;12.161285095961137;5.574658733194081;12.97947014780373;5.354373811644883;20.9;20.0;102.3;101.1;465.88;0.39;0.05;83.62;0.06;52226897.36;4065848.05;16285468.65;1114377.0;0.05
3674.1333;153.1174;465.7908;346.9273;55.9864;413.51570000000004;539.6823;336.06620000000004;157.3329;247.1045;3443.2196;35.09839010280599;53.88630554917993;63.18780584510351;10602.162903421033;14695.20261927;380.6;427.5;5.9;68.3;400.8499337789405;295.2104405354264;101.4;101.3;100.0;93.0;100.59459224291676;99.71829895948751;101.08233264820711;101.0684951185847;103.02736106739638;101.74349843399706;101.20462341556238;100.77884074531522;2.4;8.8;8.7;8.7;8.6;8.13558698711864;12.0;8.1;11.829243590089924;4.9587712913087785;12.007142581431383;6.042648270878729;19.9;20.4;101.5;100.5;487.39;0.37;0.05;80.59;0.06;61132600.76;4276646.55;18400683.95;1268472.7;0.05
3518.8788;148.4765;371.8937;287.8559;52.8335;457.2401;582.6460999999999;392.7643;136.167;267.0342;3209.572;35.355216899018544;56.26235753182686;64.29325361095654;11886.556067149591;14783.554053879998;385.8;429.2;6.0;61.9;465.7532961919576;297.2769136191744;101.1;102.0;99.9;94.8;98.09626796835687;101.00046094090543;100.73713853992201;100.96524150965864;104.2949298772208;101.76143158513213;101.30688140392832;100.58869397756243;2.2;9.8;10.0;9.2;9.2;8.574347018247789;7.0;8.1;11.76635812104323;4.466399255385161;12.382257711452256;5.2169947782245965;20.4;21.3;102.1;101.8;528.02;0.33;0.06;83.55;0.06;65828104.76;5641360.45;18106110.55;4145285.1;0.05
4170.1963;225.657;505.002;417.1963;49.366099999999996;447.3236;604.1336;485.2342;380.55670000000003;385.8386;4145.7966;36.775621517759916;58.51075828941654;67.5034740005269;11217.23320368847;15124.126645990002;386.9;428.2;6.1;62.7;605.1205407285024;302.0333442370812;102.6;101.8;100.1;108.7;100.0555304968741;100.7618872580905;103.00307363971366;98.3403762511385;102.90425827407385;101.35263982348697;101.40409742308579;102.00511172532005;1.6;9.9;9.3;9.6;9.5;8.881929714070667;2.8;7.5;11.901859397399646;4.626140626946807;13.121310729142138;4.727432963122046;17.4;19.6;101.9;100.4;403.74;0.34;0.06;56.19;0.06;70627071.46;5241812.95;19382747.45;1012652.3;0.05
3509.1852999999996;153.3979;495.87559999999996;343.3693;47.5223;389.321;510.061;323.1855;183.0349;241.6994;3299.5349;36.058560756434275;57.14626748077917;64.8999765131093;7651.16076063816;11880.96256161;389.6;429.9;5.9;50.5;430.10958697450377;308.678077810297;101.7;101.9;100.4;94.2;100.30745878235238;101.01036067034993;101.77104452839853;99.48701207627836;102.2106382727807;99.97608466119341;99.49015227217421;101.88573088729073;1.3;12.2;10.7;10.7;10.6;10.749382806215516;15.7;8.4;11.993566002108683;4.154608568217242;13.74100213992819;5.745058801654813;21.7;20.8;101.4;100.2;415.71;0.33;0.06;59.38;0.06;67784541.66;5168664.05;19620102.15;890662.3;0.05
3446.9462000000003;154.3253;457.6078;347.63779999999997;58.4882;453.0623;419.6558;239.6514;175.4717;222.3485;3237.0445;35.80035790486211;52.83974094636822;67.21262723427608;9233.185728378106;9184.448344820003;418.1;459.9;5.8;31.4;386.030112683511;315.4689955221235;100.5;101.5;95.0;105.4;100.17746303233035;99.5549239266925;100.0509191680245;101.21618816547509;102.31618781394216;94.63334381090647;93.72809969385597;102.1163201361815;0.06;10.0;10.8;10.6;10.6;8.759831842195469;5.0;7.8;11.403594346430836;4.189531534815895;11.89805220326027;6.902187188130282;23.8;19.4;102.7;101.4;403.0;0.39;0.05;51.85;0.06;66900692.76;5374901.95;19052286.55;132100.1;0.05
3333.6353;162.6258;317.3827;284.5063;52.005199999999995;494.4165;531.9149;306.2041;132.2095;293.9521;3041.0675;35.60270341731168;56.38308743131327;64.19249941406036;10977.552244138344;10890.171496609999;417.9;488.2;5.7;42.7;522.0625813507554;318.3082164818227;101.1;103.3;101.1;103.5;102.07511343659156;97.02187377467322;99.76006749856543;99.60218068191695;102.12807829888371;97.6030576946383;93.99236026544044;99.54783329599077;0.09333333333333334;9.5;10.2;10.3;10.3;8.662168930405342;7.1;7.6;11.735097461525074;3.0509358426180984;13.089972249565937;5.0595410092580515;21.2;20.6;103.7;103.2;588.7;0.56;0.38;73.73;0.06;70349533.76;6146130.65;20662672.25;897458.1;0.05
4132.3609;240.3885;457.38559999999995;434.7989;46.287099999999995;507.0557;677.9413000000001;312.2785;428.6733;372.63009999999997;4109.3882;39.09248567337879;59.12675035500118;71.94716962918038;10194.187928587204;12109.489304939996;426.2;507.8;5.6;44.5;601.2489857795334;324.0377643784955;101.8;104.5;100.6;110.2;102.11657658123636;97.31869726135628;101.2639102032534;98.51529883528836;103.34798030225937;103.57289862502775;87.22891034259507;105.52256423016992;0.09000000000000001;9.5;10.0;9.8;10.0;8.757726522970138;1.8;7.5;11.525311420808714;4.402200089102084;12.132113780044946;5.518933068177734;18.1;18.2;103.7;104.4;607.39;0.46;0.05;70.42;0.05;75289906.56;5253623.65;22925783.65;1199838.2;0.04
3464.5067000000004;156.5923;457.9454;366.5457;49.5032;437.2535;493.33209999999997;265.08759999999995;199.7513;237.1323;3262.772;36.52732204626792;56.89594514743606;69.77004463778192;8169.032613687942;13747.761103300001;419.7266666666667;506.3666666666666;5.646666666666667;60.56666666666666;460.0560160556191;330.8425574304439;104.5;109.7;101.3;116.3;100.44944863609982;97.80528495936095;101.64335232699877;100.9695902356698;102.5995800647068;99.21811969023724;95.0819486176263;101.81820673590538;0.08;9.1;9.1;10.2;10.0;8.731097114322894;10.8;8.0;11.263244313451445;4.9156897675070725;12.739202852793449;5.662188455945038;19.1;20.1;106.0;103.6;631.71;0.4;0.05;72.03;0.05;67245860.84;4222873.49;20497372.43;1469224.27;0.04
3684.5208;158.45579999999998;460.478;357.3785;61.5578;498.7964;508.3702;266.43390000000005;214.9932;226.9023;3451.298;37.984179737058696;58.37313332823795;74.32222217018003;10515.300439224558;16503.92084342001;428.36;515.94;5.773333333333333;68.62666666666667;443.1177318906708;338.4519362513441;103.5;105.2;100.1;107.3;100.57855658221746;100.16980201695358;100.67951006519968;101.48804777110357;102.4175066127917;104.17903509730178;102.38443598306873;104.22190525899954;0.07;8.7;9.2;10.1;10.1;8.379170174567479;8.5;8.3;11.3303552965979;5.018990900227495;12.837143246917588;3.911560159379053;19.3;19.0;107.0;104.4;728.89;0.54;0.4;61.24;0.05;72410915.24;4335545.66;20905741.68;1489553.73;0.04
3556.8014;158.5567;333.4763;299.9966;55.4239;520.1847;584.7108000000001;332.31640000000004;167.56820000000002;296.9545;3224.5022000000004;37.45404399501189;59.73473270407838;70.51377593053289;11091.214533712198;16202.737166290006;425.72;501.99;5.8;73.0;583.7809555518055;345.55942691262226;102.9;103.2;100.1;101.2;99.43332222937727;100.95048894936114;101.07330823499024;101.6329811853933;101.32995644281941;102.3872712388119;102.27062668733093;103.62420157779515;0.09000000000000001;9.4;9.8;10.1;10.1;8.87713141142457;9.4;8.0;11.402792294094118;3.7980894223713184;12.95420904157247;4.519812182514928;18.9;19.2;105.1;103.4;822.04;0.55;0.44;62.84;0.05;77689778.61;4449455.98;21318598.51;1510106.6;0.04
4338.727400000001;216.6447;496.8967;442.36990000000003;48.3618;526.7229;638.0839;425.3705;442.9552;392.06329999999997;4314.7055;40.38253770060029;60.9742756684015;78.33884654046986;11786.971018460952;19336.218850319998;429.79;491.74;5.92;79.57666666666667;712.7025818676691;351.77949659704944;103.8;103.9;100.8;108.6;96.6745066095158;102.31155676585999;100.5190167788918;100.97508130769086;101.00174691435086;98.23978967250001;109.61571490712994;101.41267040295314;0.08;9.8;9.9;10.3;10.3;9.848666980370895;12.3;8.5;11.748883313990316;4.3761937919530025;12.740465043392184;4.774568344299051;15.7;19.1;105.7;104.7;918.2;0.39;0.05;63.95;0.05;74562995.83;4563366.3;21731455.33;1530659.47;0.05
3605.4344;158.7937;442.5129;388.85940000000005;48.966300000000004;473.0177;530.7354;288.6187;230.218;233.3794;3384.1848;41.77015508610016;60.46685548207916;78.63084030678023;9796.045655928338;21943.709806389725;455.11;510.7666666666667;5.34;99.0;546.2751672863609;362.68466099155796;105.7;110.6;100.6;91.11224178838074;100.31892815568865;99.11753592356435;101.52177873050685;99.75010088588748;101.8035787453841;101.68142730693728;101.82523632331284;102.97158430494117;0.12;13.1;13.2;10.9;9.9;11.919663092012748;13.9;8.695349984505732;12.99594038759151;4.433684608992685;13.251381302939516;4.398012166806761;14.924062461849214;20.54475218945296;108.02;106.51;904.24;0.6;0.48;69.12;0.06;73590762.04;4894401.58;23450458.36;1661117.26;0.05
3750.8247;159.428;433.181;374.0863;61.2221;545.1896999999999;528.9526999999999;273.67109999999997;210.1892;218.689;3502.4065;42.4191551974145;58.43239841848979;80.93738679696976;12305.144198209267;21117.968165655682;442.5;472.37;6.81;112.74333333333334;542.2471436748297;385.17110997303456;106.1;107.5;100.5;79.87505338003899;100.14039984640067;98.42520084790043;101.12238013000633;99.84335760660503;102.29815234066191;100.90996495292033;100.55130511422867;99.54496139465353;0.77;13.0;13.4;11.272233241697126;10.0630224178425;13.947665136337278;10.3;8.261065856383;15.55760085181635;5.030453954341126;15.607987950892571;5.204032860111967;13.235797287000715;19.5357744629174;106.48;101.97;1010.02;0.43;0.05;70.34;0.06;77384487.14;5019702.93;23904600.87;1683725.41;0.05
3680.9116999999997;186.10139999999998;350.8841;303.9278;54.9885;506.36809999999997;588.533;339.50640000000004;201.7175;314.3122;3326.6800999999996;40.106566648487714;58.82221011635313;74.59386201702459;13475.950965632503;21363.163136269333;475.42;479.26;8.02;99.22666666666665;691.4989376137439;401.348296591902;101.8;102.1;100.5;115.29393730932584;103.97227897368863;101.02034685744152;100.26115512781999;99.79651742897855;99.33095251354042;100.16745799793102;100.54470658459348;103.24943435846288;2.19;13.643647999480091;13.75476793486537;10.173841017457676;9.548224191231238;13.881201622954379;9.9;8.466666666666667;16.18897141632668;3.8397481937790476;16.13086533881994;4.447121299230402;15.251379963435758;18.40636268600893;104.33;101.37;;;;;;;;;;
4485.5929;245.8228;499.76779999999997;446.32090000000005;49.6939;652.1811;669.592;399.1143;368.9599;398.2867;4459.009399999999;42.62323338525643;58.66470426335916;80.50683012476226;15056.12367538569;21205.577791755906;467.8;476.9;7.503333333333334;88.36666666666667;853.3480668742809;420.2116665317214;102.0;103.1;100.1;105.44297763466383;104.0470739469918;100.16658788202693;100.26178679992901;100.62382134947903;106.11603850517308;101.3781232162813;98.02163511185144;93.18065886208011;3.653333333333333;15.718048713360686;14.842951331162627;10.9766114962707;10.205674340602975;15.529738155561818;12.360631135903732;9.221896646196944;18.163212266835178;5.288619634698683;18.922667888545856;6.8195422064348055;13.5007738995918;17.275406373404433;100.85;101.58;;;;;;;;;;
3788.7864999999997;161.87120000000002;436.7066;403.6727;51.1692;539.0231;580.7487;305.8672;253.9521;233.3053;3555.6220999999996;40.75655533779248;59.91675221617724;78.18006459051058;13994.182664227277;19163.22954327999;454.93;488.18;6.27;81.44333333333334;622.4324595751173;434.9190748603316;102.0;99.7;101.3;103.06276217539458;100.41025352534756;99.66366529811118;100.97894229584779;101.02522073729887;103.03228206589566;102.15777967602307;101.32587906700732;102.3473901194816;4.516666666666667;14.999588359460777;13.996964558493246;10.6396773396428;10.2474145915284;16.213077768902384;11.752955271314343;11.08806154125527;19.097023879696096;5.908187441410188;19.339468732568108;8.046482704714416;14.74695070160016;20.287575983127013;99.41;101.24;;;;;;;;;;
3900.3576000000003;161.57760000000002;457.68390000000005;373.3082;64.7361;587.1695;571.4921999999999;288.9187;212.77360000000002;222.62679999999997;3638.5616;42.604999379812774;58.430093338034915;81.87672657135141;15576.205452666982;19882.933722609996;448.82;488.37;5.54;78.23333333333333;606.6632069838929;445.7920517318398;100.3;98.0;101.0;107.5649836030353;100.28538677900872;101.42414050941579;99.94907748174306;101.61880504178995;101.87179023008237;101.7965632953497;101.1567345062318;100.24974423055941;4.99;15.5431479972047;14.31591811729639;11.679479830981768;11.427458260807324;16.685655524667556;16.117990038268495;10.813489950984403;19.121329813272762;6.231497446067019;17.917516970611473;6.3091735467040735;14.45956692574743;20.579295626824184;101.27;101.62;;;;;;;;;;
3865.6782;124.089;378.9128;307.41720000000004;55.0758;564.5736999999999;633.4417;355.5745;259.3087;320.01779999999997;3489.1245999999996;41.23787785208226;59.850825789127406;77.18966513652379;15264.118155508375;20465.56762261999;455.11;495.38;4.84;86.75433333333332;732.1392867104148;453.3705166112812;100.5;96.8;100.2;113.84506553852556;91.79049290880134;101.60619019916079;100.22847907086138;100.03957609603799;102.54757889928744;101.8631486613713;101.20504128298148;105.5514775307689;5.26;15.356408987798734;14.222797776766887;11.44504534800782;11.143404169767779;16.98585624804565;17.923829720397134;11.127471007866001;19.24239034554437;6.491262657509634;19.64448740503451;7.493194792532921;16.09299287534393;18.71322654274593;104.09;102.34;;;;;;;;;;
4757.3631;236.6146;508.60429999999997;465.57509999999996;52.0751;776.8708;677.4963;546.173;354.4371;403.26;4729.2433;43.617591899100994;59.73366255007202;84.81709456649337;15573.731306315341;20739.90802536;466.08;500.91;5.02;84.034;922.684867169378;463.3446679767294;101.1;100.7;100.2;102.03590304666616;98.67194645902867;100.49837256949255;101.25785333558936;101.07905290585701;105.32191631788233;100.32193140433255;110.89747736656346;98.67370999100177;5.33;14.232510499807152;13.688923427974006;11.532731169023473;11.135255202206354;15.677729393486345;13.56293018372514;11.333300147005588;18.732906686081296;7.127025776852743;19.36304632383377;6.165038848400315;15.74866459720368;17.83265992097888;104.67;103.06;;;;;;;;;;
3947.5842000000002;162.5121;439.2978;420.8122;53.2913;616.7171999999999;592.7941;326.7045;276.0195;233.9986;3708.8932;42.39192620548363;59.4515524548561;80.29116658772699;13111.342231501993;18862.107550600012;450.36;488.94;4.97;83.146;659.2361931127397;475.3916293441244;100.5;101.2;102.4;121.26532581232179;100.09367795830286;100.14541719222703;101.10579331307147;100.95137458631504;103.14852212264114;100.48901847933173;101.39237119599203;102.04238612494636;5.33;12.237213132390032;11.14656221213101;11.365474218840575;11.554036450645137;14.48042340432347;17.76351094352622;11.207627329124872;17.944303594894;6.914581600143983;18.69020069476308;6.884792763417275;17.78351999126945;19.062304223160858;102.52;101.06;;;;;;;;;;
3970.1883;166.6875;444.507;385.32329999999996;68.10730000000001;590.6446;594.7204;302.72990000000004;235.40879999999999;222.8384;3714.891;43.78418340606301;58.29342038956645;83.25617001074245;15508.41846712277;21021.877451601747;447.7;482.1;4.95;84.86800000000001;662.9115425079461;483.47328704297456;99.8;101.7;101.2;101.45672175570715;100.74619596891499;99.2615909856594;100.7667029946219;101.49712472294179;100.13652840149054;100.93842808508306;100.91020605577792;102.05300692791882;5.33;12.773049491063219;12.954540492992209;11.98055788984266;11.895683124143655;13.623415273848913;16.57668767899093;11.697953850848437;17.5887449842924;7.56754894675474;20.19744282722;8.16445934318639;17.8576852864735;19.3117565420141;102.14;101.87;;;;;;;;;;
4105.571800000001;160.3137;389.5118;316.8116;56.6734;630.301;689.8516;383.7934;283.422;330.611;3733.1991000000007;42.72520195298177;60.11647177141784;79.29020137052775;15833.954949615885;20855.477110542626;477.65;524.3;5.37;80.15066666666667;794.5272276081006;491.2088596356622;100.9;100.6;100.2;100.38782486155351;105.25069314071888;100.59836667745145;100.59491068423974;100.69901706194938;102.57874833407308;102.25779357422242;101.84294890110705;102.14307279202393;5.26;13.523802621606881;12.542155537907322;11.65073532534565;11.605134961596656;13.28318676114902;4.8579924259509255;11.326774085589351;17.2874304603291;7.43108728243854;19.3358215058207;6.49862707292018;18.5992564634066;20.3515505256408;102.28;101.01;;;;;;;;;;
5070.672300000001;275.6917;480.46459999999996;497.42670000000004;52.0328;917.4474;768.2079;589.6896999999999;338.9633;413.8919;5027.6211;45.532663244429806;61.42039219381625;86.39017075523132;16742.541884270573;19340.57989189479;499.87;533.82;5.02;74.63000000000001;972.0462255074143;502.50666340728236;101.6;100.3;100.2;107.85627413332715;105.38157258521537;98.42082215882871;102.00510889932795;99.98162045057269;105.37673717407957;103.55054737977278;102.79060392940673;98.65361788530876;4.65;11.956554493477144;11.13077691844599;10.868635748746744;10.85552820680576;14.132773337431638;13.382494972071873;10.919410940506491;17.3568845397783;6.92237556895422;18.507816667288;7.88491139996554;18.8427857616181;18.2282476698505;101.61;102.54;;;;;;;;;;
4168.6489152;165.5413119779126;457.8427551148665;449.32419031053547;50.88203983861739;708.1781225461476;618.9834982536673;388.3134387417023;277.639756961559;233.53334561266348;3924.805339956718;43.15227973034342;59.99282738493408;81.23569528565001;13079.638358418293;19165.066021927072;510.17;535.48;5.46;75.64566666666667;729.8045342477681;520.0943966265372;102.5;103.4;102.4;101.44565353794302;100.39586933931592;101.0574269535371;101.75959339200224;98.95297266229012;103.3196829130881;100.9899325535278;103.84355019779261;100.14290329217775;4.33;13.084303603841319;13.548491601412692;13.733604885639211;13.742860963078016;15.049546377437487;14.925218469231995;11.699027472526769;18.1333681074185;6.81697592827463;19.8651752877498;6.7194260364194;20.2359858967709;20.1299675674313;101.96;100.82;;;;;;;;;;
