date,n_obs,area_m2,centroid_x,centroid_y,major_axis_m,minor_axis_m,orientation_deg_from_x,poly_parts,centroid_easting,centroid_northing,centroid_lon,centroid_lat
2023-09-28,48,60012.0,16.268479637405854,-67.08245017663134,295.58620689655146,270.5517241379296,-43.60281897270395,1,589087.1317607597,4442265.373477975,-109.95441835069256,40.1259939908238
2023-09-29,48,74948.0,-32.683247051288895,-17.17745636974969,368.5563405685564,305.9486283298156,-57.264773727892575,1,589038.180034071,4442315.278471782,-109.95498590358744,40.126448725444355
2023-09-30,48,59472.0,-8.126715092816788,-42.86010223298359,394.5655839020935,224.8599564173221,-45.0,1,589062.7365660295,4442289.595825919,-109.95470128031732,40.12621477267199
2023-10-01,48,54956.0,-33.23458767013611,-59.4774001018997,303.48053056569074,237.39213766893923,-80.53767779197412,1,589037.6286934521,4442272.97852805,-109.95499820882243,40.12606774153591
2023-10-02,48,55716.0,4.920812692942781,-46.58525378706296,321.0067067223195,244.9130071945092,132.79740183823412,1,589075.7840938153,4442285.870674364,-109.9545486841684,40.126179833943056
2023-10-03,48,37512.0,4.8688419705694175,-74.45382810833867,305.46269474559244,178.85607664568576,-79.47921568612577,1,589075.7321230929,4442258.002100043,-109.95455314014809,40.125928796458574
2023-10-04,48,35328.0,20.694067028985508,-78.48550724637681,307.9023321669505,152.57835313750712,-78.69006752597963,1,589091.5573481512,4442253.970420905,-109.95436799143265,40.125890801990735
2023-10-05,48,55268.0,28.927987262068463,-50.66034595064052,403.9358514273741,207.40552371366996,95.5721978039636,1,589099.7912683843,4442281.7955822,-109.95426752726068,40.12614058138805
2023-10-06,48,56688.0,8.168783516793678,-50.30242732147897,386.6785645308741,214.3743035147514,127.56859202882768,1,589079.032064639,4442282.15350083,-109.95451108289394,40.1261460051592
2023-10-07,48,45292.0,36.19305837675528,-36.47425593923872,388.11331810810856,175.44099701491973,-68.34401096157708,1,589107.0563394991,4442295.9816722125,-109.95418031462516,40.12626760121759
2023-10-08,48,55192.0,24.376431366864765,-46.99507174952892,408.5594982257864,210.7941992700923,-86.65805614273873,1,589095.2397124892,4442285.460856402,-109.95432043288642,40.1261740808704
2023-10-09,48,41992.0,47.797294722804345,-55.68184416079253,316.36458296252107,172.23738508437316,88.89829388479379,1,589118.660575845,4442276.774083991,-109.95404679314882,40.12609334742411
2023-10-10,48,70080.0,24.02625570776256,-42.01004566210046,385.84515259640153,239.62465142373205,102.69958448959774,1,589094.88953683,4442290.445882489,-109.95432385399718,40.12621902360123
2023-10-11,48,23284.0,23.592166294451125,-94.1511767737502,222.0,136.0,90.0,1,589094.4554474168,4442238.304751378,-109.95433614538516,40.12574937694229
2023-10-12,48,25168.0,4.672600127145581,-72.4332485696122,324.2990423243013,114.61825448982844,95.19442890773496,1,589075.5358812495,4442260.022679582,-109.95455516414324,40.12594701883776
2023-10-13,48,51040.0,-28.386990595611284,34.477586206896554,333.1892677265976,239.11039300645413,86.90594194108236,1,589042.4762905267,4442366.9335143585,-109.95492836123458,40.126913584422056
2023-10-14,48,42600.0,25.425539906103285,-50.88788732394366,379.7353269827519,163.96101350041175,117.24174151735718,1,589096.2888210284,4442281.568040827,-109.95430865917588,40.12613890282027
2023-10-15,48,51852.0,12.736095039728458,-49.58759546401296,386.5457201603948,186.17159149182604,-67.98871680208093,1,589083.599376162,4442282.868332688,-109.95445738775548,40.12615196053876
2023-10-16,48,61568.0,19.758186070686072,-55.50272869022869,381.3637448452018,215.41194461392516,-49.3987053549954,1,589090.621467193,4442276.953199461,-109.95437580141441,40.12609793238489
2023-10-17,48,62556.0,-1.2187480017903958,-52.10537758168681,383.27395918577,215.29020463102088,-60.78075330951511,1,589069.6445331204,4442280.35055057,-109.95462149248728,40.12613075851307
2023-10-18,48,65140.0,35.300337734111146,-37.72502302732576,423.91753534002027,227.98751341371565,95.97432328648088,1,589106.1636188565,4442294.730905124,-109.95419096321672,40.12625642878997
2023-10-19,48,58768.0,37.43493057446229,-48.52994827116798,356.8490148307352,205.8871422851927,88.5797344536007,1,589108.2982116968,4442283.925979881,-109.95416740589698,40.12615887070078
2023-10-20,48,53480.0,26.421241585639493,-67.03246073298429,364.35711889812666,197.3122147555573,106.69924423399348,1,589097.2845227079,4442265.423467418,-109.95429920345654,40.125993365339504
2023-10-21,48,71016.0,18.55626900980061,-54.45860087867523,423.701110728868,236.26492907820383,-77.5740571345723,1,589089.4195501321,4442277.997327273,-109.95438976153596,40.12610746534867
2023-10-22,48,55744.0,24.018800229621124,-43.71455223880597,405.8997901996338,192.57467878765323,-91.27303002005692,1,589094.8820813519,4442288.741375913,-109.95432417677543,40.12620367002183
2023-10-23,48,56208.0,-3.1426131511528608,-63.75918018787361,314.6644029751295,264.50467764489423,66.55193742204227,1,589067.7206679712,4442268.696747963,-109.95464567683815,40.1260259836565
2023-10-24,48,58448.0,17.22433616205858,-66.72857924993156,363.0930184073643,223.8470468963216,-59.82647997035585,1,589088.0876172844,4442265.727348901,-109.95440708509096,40.125997077251405
2023-10-25,48,70532.0,-11.49333635796518,-70.25985368343447,326.80894834360504,306.8940280539166,144.59313426272993,1,589059.3699447643,4442262.196074468,-109.9547445677036,40.125968309480655
2023-10-26,48,46420.0,0.8884101680310211,-86.78483412322275,338.24798772334674,190.58447162309656,92.0095538130212,1,589071.7516912903,4442245.671094028,-109.95460155126062,40.12581813916119
2023-10-27,48,55824.0,17.62940670679278,-61.00401261106335,388.54303380174406,186.33915038404407,108.75865034784236,1,589088.4926878291,4442271.451915541,-109.95440154152709,40.12604860181595
2023-10-28,48,56640.0,-4.3032485875706215,15.00324858757062,438.0800197382746,195.47445031391135,121.84905131905543,1,589066.5600325348,4442347.459176739,-109.95464842765617,40.12673560666473
2023-10-29,48,61884.0,0.056751341219055,13.579212720573976,419.78195367203926,252.8611641398549,124.6513159120044,1,589070.9200324635,4442346.035140872,-109.95459746002112,40.126722316924905
2023-10-30,48,47176.0,22.69645582499576,-48.39325080549432,370.11394607742005,164.58679939303647,-82.09283729704173,1,589093.5597369473,4442284.062677346,-109.9543403400675,40.12616166394742
2023-10-31,48,52824.0,20.33772527638952,-43.32212630622444,355.873352156312,202.3026112598964,87.32457334397054,1,589091.2010063987,4442289.133801845,-109.95436731931152,40.1262075950908
2023-11-01,48,56872.0,7.006330004220003,-51.04431002954002,378.517592934628,199.7546894470419,93.46822925891723,1,589077.8696111265,4442281.411618122,-109.95452482644018,40.12613944535955
2023-11-02,48,50892.0,22.051402970997405,-47.36964552385444,369.3754396066628,178.11387887010335,97.1250163489018,1,589092.9146840933,4442285.086282628,-109.95434776833882,40.12617095304001
2023-11-03,48,68532.0,12.79308935971517,-36.23696959084807,358.19129387664816,251.33564175111232,79.04593735660197,1,589083.6563704821,4442296.21895856,-109.95445487625396,40.126272218307335
2023-11-04,48,62072.0,15.553164067534476,-47.45482665291919,373.1547442451954,228.03036893016304,89.36340642403682,1,589086.4164451899,4442285.0011014985,-109.95442403564017,40.126170874262634
2023-11-05,48,58464.0,18.211001642036123,-52.10878489326765,418.8383515859754,178.58274351892348,124.6513159120044,1,589089.0742827643,4442280.347143258,-109.95439348883093,40.12612866931572
2023-11-06,48,64724.0,2.2156850627278906,-55.203263086335824,361.894454848257,253.28574340811448,118.97970769792931,1,589073.078966185,4442277.252665065,-109.95458161764263,40.126102488609384
2023-11-07,48,57156.0,28.78060046189377,-16.21079151795087,343.88947487714063,209.10329001784388,-95.98059952476405,1,589099.6438815842,4442316.2451366335,-109.95426450113334,40.12645092210314
2023-11-08,48,63652.0,-30.50700684974549,24.875887639037263,297.5299439281782,294.86807907532045,135.67403689798437,1,589040.3562742725,4442357.33181579,-109.95495456412819,40.12682731585041
2023-11-09,48,49116.0,6.971414610310286,-48.85837608925808,404.323085992881,178.80331548978825,122.77487732426408,1,589077.8346957326,4442283.597552062,-109.95452493447817,40.12615914017641
2023-11-10,48,52188.0,24.133363991722234,-55.287499041925344,387.8814126042974,184.11279681548373,-69.77514056883211,1,589094.996645114,4442277.168429109,-109.9543244299155,40.12609940759361
2023-11-11,48,53516.0,4.508707676208984,-53.26631287839151,404.3711895313096,189.13143788621957,-77.94921511659034,1,589075.3719887985,4442279.189615273,-109.95455444218668,40.12611969393408
2023-11-12,48,46408.0,22.82003102913291,-63.91811756593691,389.5129378687225,161.9849477194447,-69.44395478041653,1,589093.6833121515,4442268.537810585,-109.95434103294397,40.126021801263164
2023-11-13,48,59188.0,13.279448536865582,-51.31918632155167,376.1948679023819,215.68417868873104,-88.74095479282433,1,589084.1427296592,4442281.13674183,-109.9544512506104,40.126136304621475
2023-11-14,48,61636.0,26.63105977026413,-57.8182880134986,392.0,232.0,90.0,1,589097.4943408925,4442274.637640138,-109.95429546934031,40.126076345316946
2023-11-15,48,61744.0,30.451930551956465,-71.06115573982898,377.4406052135464,215.51574725505824,107.16191880286549,1,589101.3152116742,4442261.394772411,-109.95425246039999,40.125956647313714
2023-11-16,48,69424.0,8.951947453330261,-43.103595298455865,332.9058725826268,272.3775321130583,-81.86989764584426,1,589079.8152285756,4442289.352332853,-109.95450089906848,40.12621077000456
2023-11-17,48,64552.0,21.481968025777668,-60.39794274383443,358.8947171057776,298.8636590039807,64.70797884297865,1,589092.3452491481,4442272.057985407,-109.95435624890732,40.12605365314256
2023-11-18,48,61036.0,19.976276295956485,-58.0266072481814,340.0,236.0,90.0,1,589090.8395574183,4442274.4293209035,-109.9543735905492,40.12607517391936
2023-11-19,48,56912.0,11.261877987067754,-58.21450660669103,352.9101868747922,220.7269806797541,108.43494882292252,1,589082.1251591094,4442274.241421545,-109.95447587807578,40.12607440463019
2023-11-20,48,30232.0,8.63006086266208,-36.34083090764753,396.4398504828951,104.29729509200236,98.6371314150708,1,589079.4933419849,4442296.115097244,-109.95450374297573,40.126271723783276
2023-11-21,48,37648.0,19.392690182745437,-54.67594560135996,345.39446619496806,142.29164150646247,112.38013505195931,1,589090.2559713051,4442277.77998255,-109.95437997630916,40.12610541885931
2023-11-22,48,51380.0,12.10042818217205,-77.28096535616972,401.4246791142963,180.83546874497105,121.2184027643459,1,589082.9637093045,4442255.174962795,-109.95446866941677,40.125902563162875
2023-11-23,48,58796.0,9.743519967344715,-46.53391387169195,368.5965878138312,223.09954147287087,-58.7362683056224,1,589080.6068010896,4442285.92201428,-109.9544920835604,40.12617978547762
2023-11-24,48,39540.0,37.11866464339909,68.51492159838139,263.46171690960966,221.18369005107243,30.815705751728697,1,589107.9819457657,4442400.97084975,-109.95415495761299,40.127213256226256
2023-11-25,48,53864.0,-11.428189514332391,27.20288133075895,390.64969824681936,179.5020737349238,-74.57783868126101,1,589059.435091608,4442359.658809482,-109.9547303547112,40.12684625694272
2023-11-26,48,40220.0,-32.951566384883144,50.61442068622576,283.8194139581217,194.8536720411291,-50.281240628444976,1,589037.9117147374,4442383.070348837,-109.95497970003187,40.12705943008621
2023-11-27,48,61660.0,-13.760233538760946,31.67395394096659,314.6668254029548,280.9380094213208,-61.699244233993234,1,589057.1030475835,4442364.129882093,-109.95475710411473,40.12688677984113
2023-11-28,48,62060.0,-30.215791169835644,-4.912922977763455,284.2569260369921,282.842712474619,135.0,1,589040.6474899525,4442327.543005174,-109.95495525637206,40.12655894432838
2023-11-29,48,49864.0,-30.349430450826247,18.38969998395636,293.2878969890037,244.9641238331015,-135.61605990839925,1,589040.5138506715,4442350.845628136,-109.95495360981386,40.126768870915704
2023-11-30,48,57064.0,-0.454927800364503,15.64531052852937,291.1282570850974,273.1980065902641,117.72825742231898,1,589070.408353322,4442348.10123868,-109.95460317939055,40.12674098275126
2023-12-01,48,43028.0,-43.666635679092686,29.54113600446221,268.2592844608043,210.41673157060455,28.12373538328917,1,589027.1966454432,4442361.9970641555,-109.95510834775816,40.126870734421004
2023-12-02,48,55212.0,-33.07194088241687,-6.192711729334203,299.0360751772699,234.6009208831201,159.14554196042172,1,589037.7913402399,4442326.263216422,-109.95498894947045,40.12654771832458
2023-12-03,48,67412.0,-6.251349908028244,-25.898890405269093,395.0368392829384,253.67546542041,104.35933654424466,1,589064.6119312142,4442306.5570377465,-109.95467693272785,40.1263673623635
2023-12-04,48,66700.0,7.774992503748126,-31.04887556221889,389.1296854920576,235.741503332448,-87.06432655357844,1,589078.638273626,4442301.40705259,-109.95451304667841,40.1263194848512
2023-12-05,48,51916.0,20.07180830572463,-63.215501964712224,366.0587631112564,181.49988811644363,-77.7352262721075,1,589090.935089428,4442269.2404261865,-109.95437318573777,40.12602842170098
2023-12-06,48,43724.0,13.407922422468207,-51.61247827280212,391.04152871328574,168.99314074653643,95.46909497011228,1,589084.2712035448,4442280.8434498785,-109.95444978347656,40.12613364900542
2023-12-07,48,40168.0,9.7841067516431,-77.02131049591715,345.0531253983676,162.4409940805076,92.7927023657132,1,589080.647387874,4442255.434617655,-109.95449581504657,40.12590514757037
2023-12-08,48,13124.0,4.738189576348674,-90.74916184090216,202.0,82.0,90.0,1,589075.6014706986,4442241.70676631,-109.95455692219934,40.12578202024862
2023-12-09,48,50140.0,18.746230554447543,-53.450498603909054,347.9321772989673,193.19627325598185,-63.43494882292202,1,589089.6095116767,4442279.005429547,-109.95438739322778,40.12611652630938
2023-12-10,48,51224.0,43.63891925659847,-60.00281118225832,290.68883707497264,241.49534156997728,63.43494882292201,1,589114.5022003789,4442272.453116969,-109.95409618739167,40.126054864460215
2023-12-11,48,52016.0,13.11427253152876,-32.880652107043986,395.6758857212784,167.85868790653635,104.56027561935662,1,589083.9775536538,4442299.575276044,-109.95445064397731,40.12630241832909
2023-12-12,48,47444.0,21.89376949666976,-66.46775145434617,342.0,200.40000000000003,126.86989764584402,1,589092.757050619,4442265.988176697,-109.95435225435416,40.12599893204814
2023-12-13,48,50488.0,4.240532403739502,-69.25986372999525,362.316582442205,189.21991123345816,-59.53445508053991,1,589075.103813526,4442263.196064422,-109.95455979640539,40.12597565078955
2023-12-14,48,50508.0,16.298249782212718,-63.73453710303318,353.42345238608874,191.972545162096,93.27048792318396,1,589087.1615309045,4442268.721391048,-109.95441753924642,40.12602414601455
2023-12-15,48,43144.0,19.94288893009457,-75.45763026145002,368.6541500552261,156.6780137734711,-75.96375653207353,1,589090.8061700524,4442256.99829789,-109.95437638838054,40.12591815701212
2023-12-16,48,46204.0,15.056185611635357,-69.67396762185092,373.70623030717405,182.17966297830296,-77.7352262721075,1,589085.9194667339,4442262.781960529,-109.95443293437792,40.12597077461549
2023-12-17,48,59740.0,14.384332105791763,-66.11101439571476,361.0749471200161,225.447580783142,93.31778116833466,1,589085.247613228,4442266.344913756,-109.95444032665206,40.12600294124944
2023-12-18,48,55840.0,6.5683381088825215,-56.95787965616046,400.1217542847005,197.26289964707797,-86.85504253530219,1,589077.4316192311,4442275.4980484955,-109.95453078232966,40.12608622171824
2023-12-19,48,44388.0,5.072361899612508,-49.68568081463459,361.28446529689575,157.77705790133118,-72.89727103094768,1,589075.935643022,4442282.7702473365,-109.95454733365835,40.126151888921925
2023-12-20,48,53696.0,8.00163885578069,-50.69129916567342,400.8755714161493,189.5215033414708,116.0646640782858,1,589078.8649199781,4442281.764628986,-109.95451309797268,40.12614251986988
2023-12-21,48,44892.0,16.893344025661587,-67.71059431524547,396.0947290819733,164.2166240881758,107.79598892393037,1,589087.756625148,4442264.745333836,-109.9544111047529,40.125988266229264
2023-12-22,48,54016.0,1.4988151658767772,-32.03243483412322,396.3573952072493,215.76146927071173,-57.938056317186685,1,589072.3620962881,4442300.423493317,-109.95458683227491,40.126311289759606
2023-12-23,48,54992.0,-1.1139074774512656,-24.66045970322956,331.374322227403,257.8673169390363,-107.24145939893997,1,589069.7493736448,4442307.795468449,-109.95461647477656,40.12637797405302
2023-12-24,48,57092.0,4.780634764940797,-37.398024241575,387.4187785684812,213.62568724404727,-52.05784664988122,1,589075.6439158872,4442295.05790391,-109.95454906119937,40.12626260830217
2023-12-25,48,43016.0,22.323042588804167,-63.56499907011344,391.5288212092526,152.00452682710352,-76.578164932114,1,589093.1863237111,4442268.8909290815,-109.95434681624886,40.126025034852844
2023-12-26,48,46720.0,3.690239726027397,-57.1875,399.35495657215006,173.6270512943663,99.16234704572146,1,589074.5535208483,4442275.2684281515,-109.9545645878921,40.12608445818549
2023-12-27,48,47412.0,9.236648949633004,-63.22466886020417,411.9361697216956,170.6924187278427,-75.56402502102489,1,589080.099930072,4442269.231259291,-109.95450033518495,40.12602948714153
2023-12-28,48,47920.0,5.585141903171953,-45.6363939899833,417.3375110822992,166.8722901365946,107.48799737614884,1,589076.4484230254,4442286.819534161,-109.9545407574425,40.12618831098913
2023-12-29,48,34872.0,11.722183987153016,-68.2339986235375,394.77950220833577,131.7526190510071,-75.4889404998306,1,589082.5854651094,4442264.221929528,-109.95447185936823,40.12598409924602
2023-12-30,48,50364.0,4.160908585497578,-41.41561432769439,395.9554382865781,164.92927282408127,-69.8636965717522,1,589075.0241897078,4442291.040313824,-109.95455688803762,40.12622648309247
2023-12-31,48,44220.0,7.520940750791497,-55.61031207598372,411.1943661984798,146.6932574015741,101.41098312676564,1,589078.3842218731,4442276.845616075,-109.95451941775781,40.126098259823095
2024-01-01,48,54492.0,14.65492182338692,-63.6322395948029,422.904303925561,189.54376787216955,94.61992348166054,1,589085.5182029457,4442268.823688556,-109.95443680921314,40.126025241638004
2024-01-02,48,43132.0,23.18019104145414,-53.54762125568024,394.228771558248,155.19264401625716,99.4623222080259,1,589094.0434721637,4442278.908306896,-109.95433537503021,40.12611518159277
2024-01-03,48,56912.0,6.3838909193140285,-56.90146190610065,362.4494367823283,215.0452257025787,104.30027744918534,1,589077.2471720416,4442275.554466246,-109.95453293899193,40.126086749476116
2024-01-04,48,75460.0,-8.332467532467533,-11.09737609329446,398.8082245892128,248.90158697766472,-45.0,1,589062.5308135898,4442321.358552058,-109.95469931182481,40.126500916376656
2024-01-05,48,71824.0,30.40866562708844,-36.07306749832925,397.7200406934901,239.0757845730748,123.69006752597942,1,589101.2719467494,4442296.382860653,-109.95424813803459,40.12627182817073
2024-01-06,48,53460.0,25.10692106247662,-52.451777029554805,386.3925465119637,195.87955482898155,-63.43494882292201,1,589095.9702021847,4442280.004151122,-109.95431261398362,40.1261248489046
2024-01-07,48,40368.0,15.174197384066588,-68.03329369797859,360.32783862190126,172.151447942631,103.49573328079552,1,589086.0374785063,4442264.4226344535,-109.95443132308418,40.12598554147122
2024-01-08,48,27256.0,15.55239213384209,-90.64543586733195,274.3910098314637,145.26360581078964,-67.79652146794263,1,589086.4156732562,4442241.810492285,-109.95443000608209,40.125781808894416
2024-01-09,48,59452.0,15.44560317567113,-23.80986341922896,376.5543178382455,227.13582870127823,115.30137862541956,1,589086.308884298,4442308.646064732,-109.95442203420485,40.12638388190858
2024-01-10,48,68164.0,11.543219294642332,-26.870840913091957,361.09676897045233,252.7232233800855,-78.91743053696979,1,589082.4065004169,4442305.585087239,-109.95446825052971,40.12635672177881
2024-01-11,48,22872.0,-5.264078349073103,-92.98426023084994,218.0,132.0,90.0,2,589065.5992027732,4442239.47166792,-109.95467460459297,40.125762945833124
2024-01-12,48,54064.0,-20.25495708789583,-65.88576501923646,299.6039967396721,246.82991358125983,-98.5691418798374,1,589050.6083240344,4442266.570163133,-109.95484677980139,40.12600863972577
2024-01-13,48,32380.0,11.68474366893144,-92.29549104385424,256.0,158.0,90.0,1,589082.5480247912,4442240.160437108,-109.95447561964812,40.1257673548073
2024-01-14,48,45756.0,-6.181134714572952,-47.5298540082175,389.5441607969624,172.71190414925758,80.1341930569154,1,589064.6821464077,4442284.9260741435,-109.95467909369314,40.12617250097507
2024-01-15,48,44704.0,22.017537580529705,-33.13833214030065,388.4661389196678,189.66738991573945,112.54306100005785,1,589092.8808187029,4442299.317596011,-109.95434620129761,40.12629915375413
2024-01-16,48,45580.0,3.810267661254936,-48.30416849495393,361.8179858207104,176.74679925448177,-58.42580924971489,1,589074.6735487835,4442284.151759656,-109.95456195342058,40.12616446743497
2024-01-17,48,50976.0,30.41117388575016,-17.712021343377277,343.2125974760339,226.1626337583584,101.59217541029103,1,589101.2744550081,4442314.743906808,-109.95424557384682,40.126437226076774
2024-01-18,48,73868.0,-1.9233226837060704,-2.2500676883088757,360.9908142875657,264.21379222137494,-100.30484646876631,1,589068.9399584386,4442330.205860463,-109.95462288046768,40.12657993490978
2024-01-19,48,55316.0,19.712632872948152,-46.84763901945188,374.45584563185656,198.81649830937064,-84.80557109226505,1,589090.5759139953,4442285.608289132,-109.95437514128753,40.12617590314617
2024-01-20,48,53880.0,19.824647364513734,-70.25924276169265,359.8151187874583,211.92603034022596,-64.98310652189988,1,589090.6879284868,4442262.19668539,-109.95437705837615,40.125964997149644
2024-01-21,48,47544.0,6.423860003365304,-53.49301699478378,353.3613530335261,183.8868534506208,-62.48799737614876,1,589077.2871411256,4442278.962911157,-109.95453199955787,40.12611744886435
2024-01-22,48,57492.0,25.126417588534057,-34.915188200097404,294.54860520636464,291.3814159030723,-120.25643716352968,1,589095.9896987109,4442297.540739952,-109.95430996442076,40.126282818222414
2024-01-23,48,53040.0,27.23001508295626,-51.584012066365005,288.8068131378869,270.9914997690953,-117.4744316262776,1,589098.0932962053,4442280.8719160855,-109.95428758012439,40.126132440842234
2024-01-24,48,54424.0,20.587093929148907,-67.65471115684257,310.9587678576593,236.2075149895864,-92.77021579720092,1,589091.4503750515,4442264.801216994,-109.95436775173333,40.12598837824949
2024-01-25,48,68556.0,1.5807223291907346,-43.617013828111325,390.7723273342983,245.7285038001596,-68.79077386577721,1,589072.4440034515,4442288.838914324,-109.95458746984184,40.12620692600322
2024-01-26,48,54360.0,9.49551140544518,-55.88550404709345,396.05594010481445,191.926267893932,123.69006752597942,1,589080.3587925277,4442276.570424104,-109.95449628456794,40.12609557166789
2024-01-27,48,50884.0,29.223488719440297,-64.45106516783272,325.3733005509042,217.7347855017038,125.90972307917748,1,589100.0867698417,4442268.004862984,-109.95426596337708,40.12601632186515
2024-01-28,48,53260.0,12.263762673676306,-65.63124295906871,386.1809983084087,184.59447217935383,-70.95337570236386,1,589083.127043796,4442266.824685193,-109.95446514483466,40.12600748775691
2024-01-29,48,50484.0,5.730607717296569,-46.00887409872435,406.8731310352552,176.600616010265,-73.88658176691058,1,589076.5938888396,4442286.447054053,-109.95453910183596,40.12618494023895
2024-01-30,48,47300.0,24.497589852008456,-66.7091754756871,390.8646824669633,160.99689437998487,116.565051177078,1,589095.3608709743,4442265.746752676,-109.95432173244261,40.125996481367245
2024-01-31,48,61456.0,14.134860713355897,-61.64397292371778,413.8639089276061,207.18119499913948,108.1527058866513,1,589084.9981418357,4442270.8119552275,-109.95444263758719,40.12604320725042
2024-02-01,48,55396.0,40.76409849086577,-52.50140804390209,371.5533664496655,197.09183002447983,-81.44444175658678,1,589111.6273796131,4442279.954520107,-109.95412888710258,40.12612274255361
2024-02-02,48,37520.0,18.30085287846482,-65.88699360341151,314.5031197277358,177.25216075619258,-94.53777250790644,1,589089.1641340008,4442266.568934548,-109.95439433624952,40.12600454427742
2024-02-03,48,20252.0,19.034959510171834,-82.74343274738297,195.77128378960177,155.46086069464818,-135.62959860841025,1,589089.8982406325,4442249.712495404,-109.95438804837015,40.1258526219564
2024-02-04,48,57076.0,14.082276263227977,-58.92886677412573,301.0920065557875,245.32963466620163,108.06047193619897,1,589084.9455573856,4442273.527061378,-109.95444287990632,40.12606767077711
2024-02-05,48,44880.0,41.5222816399287,-73.71033868092691,262.8649753881273,221.11966912301156,-50.572197803963775,1,589112.3855627623,4442258.7455894705,-109.95412291820399,40.12593160998952
2024-02-06,48,64636.0,-1.3049074818986324,17.48350764279968,380.64318037924994,220.49238605378756,-74.74488129694257,1,589069.5583736404,4442349.939435794,-109.95461290013849,40.12675763146307
2024-02-07,48,61228.0,-0.1586202391062912,-48.003135820212975,280.3458529393184,271.6570158243209,-173.99099404250532,1,589070.7046608832,4442284.452792332,-109.9546084859879,40.126167599625106
2024-02-08,48,66568.0,3.077154188198534,-38.46809277731042,310.91225264838937,300.8030914189107,-25.497551493337536,1,589073.9404353105,4442293.987835374,-109.9545691989114,40.126253149483276
2024-02-09,48,29228.0,23.047214999315724,-80.97303955111536,264.2789103688628,159.41004248112984,-69.44395478041653,1,589093.9104961216,4442251.482888601,-109.9543407211908,40.12586814470223
2024-02-10,48,29184.0,27.22313596491228,-84.50164473684211,249.8199351533021,166.335804924857,108.43494882292175,1,589098.0864170872,4442247.954283414,-109.95429220490227,40.12583591616387
2024-02-11,48,45336.0,28.20628198341274,-60.35750838185989,393.9776316226685,178.40154376801107,-94.15964229371292,1,589099.0695631057,4442272.09841977,-109.95427733497372,40.12605330483656
2024-02-12,48,44508.0,22.53078098319403,-62.57967107036937,376.2283754993052,164.8409711436306,-71.13100054493839,1,589093.3940621054,4442269.8762570815,-109.95434424247438,40.12603388877608
2024-02-13,48,47080.0,26.086321155480032,-58.55191163976211,369.886237714177,183.6183114154183,87.07927847899947,1,589096.9496022777,4442273.9040165115,-109.95430196300164,40.126069794484586
2024-02-14,48,51156.0,13.629212604582063,-73.30190007037298,339.7429288917717,211.18302116947407,95.09211512449872,1,589084.4924937269,4442259.154028081,-109.9544501803081,40.12593824501762
2024-02-15,48,44232.0,4.450352685838307,-61.45433170555254,331.45331983919914,186.51340234961347,103.47315811273089,1,589075.3136338082,4442271.001596446,-109.95455625698683,40.12604594159886
2024-02-16,48,53616.0,3.455237242614145,-57.26037003879439,372.574246601629,213.12509869160849,-74.74488129694257,1,589074.3185183649,4442275.195558113,-109.95456735565284,40.126083826660825
2024-02-17,48,47724.0,-29.80873355125304,22.16746291174252,366.79795714989285,185.84318728531977,-62.72323661688632,1,589041.054547571,4442354.623391063,-109.95494674360499,40.12680284413242
2024-02-18,48,65156.0,16.008840321689483,-28.6714961016637,335.4759473304017,243.04258022047708,-102.38075692880714,1,589086.872121444,4442303.78443205,-109.95441609575123,40.126340028146345
2024-02-19,48,55684.0,11.9446878816177,-42.21708210617054,384.2026225475501,219.01913001002083,113.1985905136476,1,589082.8079690039,4442290.238846045,-109.95446565747459,40.126218438729666
2024-02-20,48,61656.0,6.695082392630076,-4.366939146230699,374.98083344229127,267.0678137557739,-53.54907682041832,1,589077.558363515,4442328.088989005,-109.9545220367441,40.126559952878125
2024-02-21,48,50536.0,13.068861801488048,-47.07313598227007,336.0,206.0,90.0,1,589083.9321429238,4442285.382792169,-109.95445313575277,40.12617457579078
2024-02-22,48,58288.0,28.72083447707933,-52.02690090584683,357.67774583137503,213.95121707452665,-69.44395478041653,1,589099.5841155994,4442280.429027245,-109.95427014680442,40.126128293273446
2024-02-23,48,54432.0,48.08068783068783,-49.99118165784832,340.268680937445,222.5323842489197,-85.31410016049746,1,589118.943968953,4442282.464746494,-109.95404268184511,40.12614457945206
2024-02-24,48,61492.0,19.433812528458983,-45.84531321147466,346.45127600700965,245.67535452698235,97.51214410305272,1,589090.2970936508,4442286.61061494,-109.95437827483572,40.126184961743284
2024-02-25,48,54988.0,0.2282679857423437,-58.06314104895613,295.0856796516241,261.4397207725929,57.92599912470603,1,589071.091549108,4442274.392787103,-109.95460533423471,40.12607693707506
2024-02-26,48,46288.0,0.2430003456619426,-79.03318354649153,291.17852171279776,203.79250382530245,76.86597769360364,1,589071.106281468,4442253.422744605,-109.95460805524709,40.125888035204134
2024-02-27,48,13728.0,13.326923076923077,-86.80594405594405,182.71639225860412,95.31799410394656,-81.86989764584385,1,589084.1902041992,4442245.649984095,-109.95445559144346,40.12581663122528
2024-02-28,48,51632.0,35.374031608304925,-50.11233343662845,364.94684678129465,182.03613685735925,88.21008939175394,1,589106.2373127306,4442282.343594715,-109.95419180859066,40.12614483482656
2024-02-29,48,64728.0,9.754171301446052,-51.189469781238415,390.58853145953344,221.78209583571663,-76.50426671920447,1,589080.6174524238,4442281.266458371,-109.95449260111619,40.126137846623116
2024-03-01,48,64160.0,-13.08640897755611,-34.13341645885287,389.4101927986582,240.39759272636877,139.25884612217067,1,589057.7768721448,4442298.3225116925,-109.95475827725431,40.126293908908075
2024-03-02,48,42976.0,-42.60349962769918,-56.19117647058823,275.73595590773533,236.347972981563,-35.60453398043317,1,589028.2597814946,4442276.264751681,-109.95510769771523,40.12609833626157
2024-03-03,48,45264.0,-3.4049133969600565,-80.23877695298692,248.84925353535485,228.4625546463601,-26.003345844511298,1,589067.4583677254,4442252.217151199,-109.95465102898262,40.1258775615286
2024-03-04,48,33172.0,20.935970095261062,-83.78198480646329,258.1009951769661,176.87330196627656,113.96248897457812,1,589091.7992512175,4442248.673943345,-109.9543658838463,40.12584306514418
2024-03-05,48,51176.0,14.074409879631077,-63.78349226199781,282.897100074869,231.30998182592208,146.3099324740206,1,589084.9376910019,4442268.67243589,-109.9544436422675,40.12602394064517
2024-03-06,48,62824.0,9.611613396154336,-57.98739335285878,330.02398586448714,255.5156921832364,138.12213046211554,1,589080.4748945185,4442274.468534798,-109.95449521223108,40.12607662533211
2024-03-07,48,70820.0,6.583225077661678,-4.114769839028523,353.4508428129062,284.9653150283915,117.69947280805526,1,589077.4465062,4442328.341158313,-109.95452331457184,40.12656223629578
2024-03-08,48,47420.0,31.438211725010543,12.950316322226907,384.5062907461036,214.65204503936573,-87.99746686817281,1,589102.3014928473,4442345.4062444735,-109.95422928866495,40.12671332668312
2024-03-09,48,54224.0,7.260843906757155,-35.43331366184715,392.0,190.0,90.0,1,589078.1241250291,4442297.022614489,-109.95451968523905,40.12628004385464
2024-03-10,48,54176.0,37.12847017129357,-49.96382161842882,356.0,200.0,90.0,1,589107.9917512935,4442282.492106533,-109.95417120010814,40.126145986702404
2024-03-11,48,56768.0,11.416572717023676,-68.72843855693348,284.33460088667323,255.0141351106637,-109.17900802581116,1,589082.2798538393,4442263.727489594,-109.95447551388803,40.12597967765941
2024-03-12,48,42072.0,14.524814603536797,-72.07758128921849,288.1991648507853,184.7297224185317,-58.6713071321961,1,589085.3880957258,4442260.378346862,-109.9544395016477,40.1259491789165
2024-03-13,48,53052.0,-25.77456080826359,-2.481037472668325,429.34222143582025,177.58918195381167,-63.72578784527269,1,589045.088720314,4442329.974890679,-109.9549028035949,40.12658038065933
2024-03-14,48,32796.0,47.08379070618368,-4.6800829369435295,363.964576636053,150.41958734331124,76.71513351509763,1,589117.9470718285,4442327.775845215,-109.95404812383542,40.12655285207797
2024-03-15,48,67116.0,4.417664938315752,-37.82215865069432,307.0272268590961,274.8472004706568,-113.62937773065684,1,589075.2809460607,4442294.633769501,-109.95455337911885,40.12625882610951
2024-03-16,48,56516.0,19.88279425295492,31.908415316016704,340.3723613901979,257.4049879097733,-104.93141717813752,1,589090.7460753752,4442364.364343467,-109.95436227334405,40.126885327672014
2024-03-17,48,57096.0,49.58427910886928,15.561580496006725,396.01970271994605,210.26268743923677,77.86867893336753,1,589120.4475602312,4442348.017508647,-109.95401598592365,40.12673492598001
2024-03-18,48,53256.0,8.251464623704372,-46.73696860447649,381.0830601787303,182.2963252714352,104.93141717813752,1,589079.114745746,4442285.718959547,-109.95450962056124,40.126178114418146
2024-03-19,48,64312.0,16.1640751337231,-44.62545092673218,357.25689845223866,237.25949148209745,-78.85711014166115,1,589087.027356256,4442287.830477225,-109.95441647618871,40.12619629684017
2024-03-20,48,42840.0,7.210084033613445,-57.881045751633984,346.9257823372955,159.54453431184405,-86.67259575827337,1,589078.073365156,4442274.5748824,-109.95452337898637,40.126077837753925
2024-03-21,48,37452.0,20.60792481042401,-76.19587738972551,297.04094340672015,165.0271027981634,91.12330271407563,1,589091.4712059327,4442256.2600507615,-109.95436868624745,40.12591143633945
2024-03-22,48,67944.0,7.409278229129872,-51.35582244201107,309.548139830977,273.98531915454805,-111.29735404903366,1,589078.2725593514,4442281.100105709,-109.95452014091764,40.12613659653355
2024-03-23,48,62400.0,0.3067948717948718,-54.53576923076923,313.14813588960544,282.847783439932,154.2900462191881,1,589071.1700759941,4442277.920158921,-109.9546039259535,40.12610870368552
2024-03-24,48,68960.0,-17.625638051044085,-15.773781902552203,372.7596400466976,256.46623322839054,-79.04593735660197,1,589053.2376430712,4442316.682146249,-109.95480901111392,40.12645977518033
2024-03-25,48,39080.0,-48.56028659160696,57.86018423746162,280.18708659296,186.350845328336,97.59464336859102,1,589022.3029945306,4442390.316112389,-109.95516186825965,40.12712635349332
2024-03-26,48,58204.0,22.96172084392825,-57.55357020136073,337.21664707175165,208.6760555081324,100.92280471986956,1,589093.8250019662,4442274.90235795,-109.95433849170287,40.126079118744244
2024-03-27,48,40348.0,39.41052840289481,-73.75433726578764,283.9398870526288,185.71521354089592,107.10272896905232,1,589110.2738095252,4442258.701590885,-109.95414770519476,40.125931437456266
2024-03-28,48,44428.0,30.122445304762763,-58.55262447105429,282.0868414666401,224.63493713375132,118.49563861824508,1,589100.985726427,4442273.90330368,-109.95425460005625,40.12606936035898
2024-03-29,48,39132.0,-23.98589389757743,60.65746703465194,266.27623609709366,186.35653591304128,-91.50743575877502,1,589046.8773872247,4442393.113395186,-109.95487310260323,40.12714894936199
2024-03-30,48,61896.0,24.884839084916635,-35.43401835336694,283.3093891803072,274.78835166443133,-85.66768601681218,1,589095.7481202072,4442297.0219097985,-109.95431287092126,40.126278170146605
2024-03-31,48,61300.0,-47.2968352365416,3.245676998368679,319.2477622500386,251.7682789756135,105.422161318739,1,589023.5664458858,4442335.70160515,-109.95515457488759,40.12663424658081
2024-04-01,48,69496.0,10.335558881086682,-26.862553240474277,330.2620155971003,275.20752587303093,54.2461127455633,1,589081.1988400033,4442305.593374911,-109.95448242108009,40.12635692438631
2024-04-02,48,53564.0,-3.672167873945187,-45.78911209020984,358.39758706290047,205.74074260576063,105.48850144290958,1,589067.1911132484,4442286.666816061,-109.95464941124554,40.12618791598255
2024-04-03,48,57428.0,22.48687051612454,-17.752315943442223,391.8290474471517,224.80981616454903,-74.890424877659,1,589093.3501516384,4442314.703612208,-109.95433856989683,40.1264377028253
2024-04-04,48,68104.0,-15.358158111124164,-40.13109362152003,361.7476814966999,292.09399479085926,105.17291534552598,1,589055.5051230112,4442292.32483453,-109.95478576338502,40.12624012183459
2024-04-05,48,47520.0,-60.1459595959596,-14.834343434343436,347.28831366727235,203.99142126028892,146.19511142630034,1,589010.7173215264,4442317.621584717,-109.95530785132381,40.126472740254385
2024-04-06,48,10664.0,-1.0870217554388597,-86.43810952738184,176.0,76.0,90.0,1,589069.7762593669,4442246.017818624,-109.95462468459667,40.12582147175889
2024-04-07,48,25024.0,17.285805626598467,-84.0383631713555,236.0,154.0,90.0,1,589088.149086749,4442248.41756498,-109.95440875298324,40.12584114242388
2024-04-08,48,65996.0,5.054245711861325,-44.977877447118,376.4126339560844,241.41632469194764,-78.02386755579633,1,589075.9175268342,4442287.478050704,-109.95454689652382,40.12619429921832
2024-04-09,48,50460.0,22.2359096313912,-55.148949663099486,323.84615384615574,202.4615384615381,-67.38013505195934,1,589093.0991907537,4442277.306978488,-109.95434667701731,40.12610085672121
2024-04-10,48,65048.0,15.33931865699176,-41.526503505103925,380.0202263993253,260.43278699273617,-87.31622484053102,1,589086.2025997792,4442290.929424646,-109.9544257268098,40.12622429986309
2024-04-11,48,61444.0,22.49658225375952,-25.857951956252847,429.0205253138634,202.11619160067767,96.54629078329366,1,589093.359863376,4442306.597976196,-109.95433957482237,40.126364685400766
2024-04-12,48,59440.0,-1.815343203230148,-46.56985195154778,353.45704803106526,263.2404622842158,149.6567511157601,1,589069.047937919,4442285.8860762,-109.95462772951116,40.12618068629868
2024-04-13,48,68104.0,-23.590626101256905,-43.34476682720545,320.0187461973926,302.75619031761795,-79.77783136636391,1,589047.272655021,4442289.111161324,-109.95488281325308,40.12621204465934
2024-04-14,48,56776.0,-17.899957728617725,-46.272086797238266,350.8504021390024,234.9835620410304,102.84770485871805,1,589052.9633233937,4442286.183841354,-109.95481643823555,40.126185072350395
2024-04-15,48,30020.0,0.1135243171219187,-86.59693537641573,306.46182116505184,136.14401048159678,106.96614810853625,1,589070.9768054395,4442245.858992775,-109.95461061841588,40.12581991386034
2024-04-16,48,11552.0,1.3441828254847643,-87.41412742382272,184.0,80.0,90.0,1,589072.2074639478,4442245.041800728,-109.95459628972989,40.12581242213919
2024-04-17,48,22560.0,18.147872340425533,-94.25070921985817,229.647659421438,118.48309298563288,105.64224645720878,2,589089.0111534627,4442238.205218932,-109.95440004643754,40.12574905721723
2024-04-18,48,58612.0,-16.042721626970586,-22.57926704429127,376.1156630042212,218.606873513742,111.25050550713308,1,589054.8205594954,4442309.876661107,-109.95479137483802,40.12639830301001
2024-04-19,48,51888.0,-0.1660499537465309,25.72294172062905,361.96254330886313,181.6859359178492,-86.63353933657001,1,589070.6972311685,4442358.178869872,-109.9545983986619,40.126831732478706
2024-04-20,48,76052.0,26.47683164150844,-31.85315310576973,401.1335290250724,256.133622221749,-80.53767779197491,1,589097.3401127638,4442300.602775046,-109.9542936948584,40.126310258247265
2024-04-21,48,56464.0,9.247662227259848,-69.4801643525078,355.7950914623649,207.60094719628003,-61.84380855172751,1,589080.1109433495,4442262.975763799,-109.95450106930126,40.12597313582685
2024-04-22,48,24396.0,23.7842269224463,-94.53385800950976,270.0010217094364,125.53004860768714,-68.19859051364826,1,589094.6475080447,4442237.922070142,-109.9543339444296,40.125745909359075
2024-04-23,48,65944.0,32.90173480528934,-25.99005216547373,340.0,258.0,90.0,1,589103.7650159276,4442306.465875986,-109.95421749031804,40.12636239279782
2024-04-24,48,68384.0,-12.381726719700517,-43.16565278427702,315.1517481226911,294.6399221944123,154.74683660542658,1,589058.4815544026,4442289.290275367,-109.95475125423275,40.12621247094888
2024-04-25,48,61236.0,-25.94081912600431,-53.12887843752041,325.0821434653085,249.81993515330373,161.56505117707752,1,589044.9224619963,4442279.327049714,-109.95491174215886,40.12612415726622
2024-04-26,48,53108.0,37.97499435113354,-46.73028545605182,279.69667301034866,267.6904207304476,139.9697407281102,1,589108.8382754734,4442285.725642695,-109.95416081989401,40.12617502501019
2024-04-27,48,58084.0,18.059775497555265,-46.00192824185663,301.19284652034594,292.45651232263776,-79.47921568612577,1,589088.9230566198,4442286.45399991,-109.95439442050849,40.1261836965298
2024-04-28,48,47500.0,4.824926315789473,-60.832673684210526,339.092451976042,206.97610320067696,-103.39249775375126,1,589075.6882074381,4442271.623254468,-109.95455177565314,40.12605150187568
2024-04-29,48,56372.0,7.474065138721351,-66.46633080252607,272.6014278420762,249.85195616604685,138.1798301198643,1,589078.337346261,4442265.989597349,-109.95452146610475,40.1260004726544
2024-04-30,48,35324.0,10.196580228739666,-87.29792775450119,262.0,180.0,90.0,1,589081.059861351,4442245.158000397,-109.95449239310727,40.125812531041056
2024-05-01,48,21612.0,16.666296501943364,-104.63964464186564,233.12293115635003,119.24051757237484,-87.39743779750012,1,589087.5295776243,4442227.81628351,-109.9544188662596,40.12565562959486
2024-05-02,48,71356.0,-3.442569650765177,-43.35590560008969,352.1250716696551,264.2655832525354,119.50072462349956,1,589067.4207114716,4442289.100022552,-109.95464638117963,40.1262098102358
2024-05-03,48,51168.0,14.111632270168856,-69.85959974984365,423.88697835209337,163.4811346261399,100.08059798754228,1,589084.9749133924,4442262.596328402,-109.95444404411303,40.12596920250008
2024-05-04,48,55544.0,1.9955350712948292,-10.448077200057613,376.2473206183592,228.1473668290896,127.73304559418813,1,589072.8588161935,4442322.0078509515,-109.95457802456123,40.126505671246235
2024-05-05,48,39640.0,-35.290010090817354,-41.88940464177598,314.1343848601223,192.8320509271057,137.45904399010496,1,589035.5732710315,4442290.56652351,-109.95501990254655,40.12622639369208
2024-05-06,48,19472.0,-7.230073952341824,-92.72308956450289,222.26101933968147,120.754827695561,-77.24246783912338,1,589063.63320717,4442239.732838587,-109.95469763898699,40.12576550673782
2024-05-07,48,21732.0,2.904472667034788,-96.48334253635193,240.0,122.0,90.0,1,589073.7677537893,4442235.972585615,-109.95457923172114,40.12573056041706
2024-05-08,48,47528.0,4.724288840262582,-35.71940750715368,419.1015600627834,173.65550752601445,-104.03624346792648,1,589075.5875699626,4442296.736520644,-109.95454949074222,40.12627773542357
2024-05-09,48,48252.0,41.54372875735721,-14.439857415236672,377.9408439401495,179.99905448534346,-104.64737527236244,1,589112.4070098796,4442318.016070737,-109.9541144832422,40.12646552223461
2024-05-10,48,54760.0,13.32563915266618,42.55149744338934,319.87454633815526,237.8672672625243,-107.45920263562712,1,589084.188920275,4442375.007425595,-109.95443775201892,40.12698189642086
2024-05-11,48,60732.0,6.983863531581374,-47.81321214516235,345.07609385706354,257.6814457975786,78.90627698844258,1,589077.8471446539,4442284.642716006,-109.95452464414633,40.12616855380181
2024-05-12,48,61260.0,14.700620306888672,-36.29539666993144,374.07697450670537,222.9347625848013,-58.90268711422035,1,589085.5639014292,4442296.160531482,-109.95443249978776,40.12627148988206
2024-05-13,48,54876.0,2.9254318827902908,-59.32604417231577,321.478759357496,239.092625687029,143.3658861240323,1,589073.7887130051,4442273.129883979,-109.95457385788166,40.12606527498253
2024-05-14,48,38008.0,27.862134287518412,-82.61271311302883,289.8626079571369,177.6405707480431,105.422161318739,1,589098.7254154098,4442249.843215038,-109.95428444566677,40.12585286414075
2024-05-15,48,69136.0,11.61710252256422,-21.767414950243,398.16271102020426,259.0184559190199,122.8450583027774,1,589082.4803836448,4442310.688513202,-109.9544666791389,40.12640268613418
2024-05-16,48,44444.0,-0.039780397803978,-66.3861038610386,328.75862531893523,200.249042004588,123.8453402610712,1,589070.8235007245,4442266.06982429,-109.95460962830464,40.1260019913624
2024-05-17,48,35524.0,7.676387794167323,-86.88233307060015,268.57860374227675,170.37998238427372,-78.07067782276141,1,589078.5396689165,4442245.5735950805,-109.95452190955423,40.12581654176354
2024-05-18,48,45632.0,-16.328716690042075,-70.37727910238429,279.612735940044,245.7368021887784,131.4482666451796,1,589054.5345644322,4442262.078649049,-109.95480132597262,40.12596776385765
2024-05-19,48,55152.0,-5.4184798375398895,-67.27125036263418,324.3442708843632,234.84798870006915,119.53878225955792,1,589065.4448012847,4442265.184677789,-109.95467286826782,40.12599458764833
2024-05-20,48,55020.0,17.057360959651035,-13.285786986550344,359.3950400346872,222.76157191179493,-91.01397872278554,1,589087.920642082,4442319.170141165,-109.95440166784489,40.12647851308763
2024-05-21,48,45448.0,21.43900721703925,-62.473508185178666,296.05540022097216,236.1287784239778,63.43494882292201,1,589092.3022883394,4442269.982419967,-109.95435703954281,40.12603496078841
2024-05-22,48,66592.0,-27.398246035559826,-49.673594425756846,322.9529133894049,302.01504056568984,48.25722194066683,1,589043.4650350867,4442282.782333726,-109.95492836807603,40.12615543717165
2024-05-23,48,24000.0,22.444666666666667,-95.587,263.73395685804286,125.2261953426694,108.43494882292175,1,589093.307947789,4442236.868928151,-109.95434980917466,40.12573656448996
2024-05-24,48,57536.0,28.27474972191324,-39.92797552836485,317.9520505973035,249.20566127896765,-82.53943387383173,1,589099.1380308442,4442292.527952624,-109.95427371130725,40.12623732889993
2024-05-25,48,53320.0,7.707726931732933,-50.42730682670668,353.36216333409345,205.03585362924437,-87.4738830883803,1,589078.5710080541,4442282.028621324,-109.95451651053483,40.126144929078585
2024-05-26,48,41748.0,23.067356520072817,-81.28063619814122,349.1937633164926,152.0459068617429,-78.9062769884418,1,589093.9306376424,4442251.175291954,-109.95434052729448,40.12586537170578
2024-05-27,48,64432.0,15.14191705984604,-39.67928979389124,320.1312385565736,291.1639112509484,62.864860377923,1,589086.0051981822,4442292.776638358,-109.95442778831645,40.12624096066901
2024-05-28,48,43232.0,35.39951887490748,-46.94485566247224,338.478885310598,191.3141525668597,-93.01278750418344,1,589106.2627999972,4442285.511072489,-109.9541910722103,40.126173365087986
2024-05-29,48,41492.0,14.404126096596936,-69.40036633567917,323.14935312449387,188.5148758243753,-86.18592516570986,1,589085.2674072189,4442263.055561815,-109.95444054838127,40.12597330833155
2024-05-30,48,19732.0,6.002838029596594,-85.24102979931077,202.0,130.0,90.0,1,589076.8661191519,4442247.2148983525,-109.95454132171263,40.125831504093775
2024-05-31,48,60068.0,9.32876073783046,-44.78817340347606,349.22400039679275,247.96790409773664,-56.79342968491041,1,589080.1920418601,4442287.667754748,-109.9544967097369,40.126195555229735
2024-06-01,48,64848.0,35.146558105107324,-44.129657044164816,303.10422201551563,286.3467626024382,-114.30454926593612,1,589106.0098392274,4442288.326271107,-109.95419365199737,40.12619875149214
2024-06-02,48,44412.0,30.818337386291997,-78.94226785553454,262.2576253781095,222.395795048316,-41.633539336570095,1,589101.6816185085,4442253.513660296,-109.954249248676,40.12588561461982
2024-06-03,48,22664.0,19.752559124602893,-93.40945993646312,222.0,136.0,90.0,1,589090.6158402469,4442239.046468215,-109.95438109975545,40.12575646524969
2024-06-04,48,31160.0,6.435430038510911,-78.89910141206676,273.8285754450036,174.19706671472517,-115.4077181089482,1,589077.2987111608,4442253.55682674,-109.95453537010634,40.125888587010365
2024-06-05,48,41788.0,24.60725567148464,-69.8054944003063,274.34431968798583,214.5790216982127,-62.94940299291357,1,589095.4705367938,4442262.650433751,-109.95432087295225,40.12596857778821
2024-06-06,48,70280.0,23.445759817871373,-40.93079112122937,388.11769645753327,250.38644062689468,86.42366562500266,1,589094.3090409401,4442291.5251370305,-109.95433051702676,40.126228807148344
2024-06-07,48,64368.0,12.588988317176236,-42.47340293313448,355.2291667999889,247.03937337547907,131.1287437680142,1,589083.4522694395,4442289.982525218,-109.95445813210934,40.126216061501225
2024-06-08,48,40740.0,16.518409425625922,-84.51703485517919,281.6786435254174,197.5707931823304,-112.06789956241082,1,589087.3816905479,4442247.938893297,-109.95441782425083,40.12583691180944
2024-06-09,48,48080.0,19.86705490848586,-69.62029950083195,362.9581964840711,188.08785574066368,105.17291534552524,1,589090.7303360308,4442262.835628651,-109.95437647253918,40.12597074832273
2024-06-10,48,25264.0,10.056998100063332,-99.03546548448384,240.0,144.0,90.0,1,589080.9202792223,4442233.420462667,-109.95449565102336,40.12570681287598
2024-06-11,48,43800.0,36.458812785388126,-82.81205479452055,320.7999901237007,191.64416283444405,84.28940686250068,1,589107.3220939076,4442249.643873357,-109.9541835933471,40.12585015743391
2024-06-12,48,52428.0,0.4725719081406881,-87.8017853055619,313.94394404097045,227.18450651397865,116.565051177078,1,589071.3358530304,4442244.654142846,-109.95460657135496,40.12580902241161
2024-06-13,48,72932.0,-18.789996160807327,-53.90983381780288,328.6726861993029,284.7072632416924,159.14554196042172,1,589052.0732849615,4442278.546094334,-109.95482793646633,40.12611636500074
2024-06-14,48,67992.0,-16.683492175550064,14.745852453229793,428.51152455393486,236.92452972244303,128.84083697085728,1,589054.1797889468,4442347.201780605,-109.95479374409193,40.126734599399406
2024-06-15,48,48776.0,-1.214859767098573,-81.83500082007545,313.1143809307841,210.8019805565005,-35.690059825013904,1,589069.6484213552,4442250.620927331,-109.95462554952259,40.125862950581464
2024-06-16,48,41956.0,24.20955286490609,-78.16989226809038,285.4861694393905,203.29984542375144,-83.08877288097513,1,589095.0728339872,4442254.286035883,-109.9543266945073,40.125893272576064
2024-06-17,48,39288.0,-15.582569741396863,-82.89676237018936,266.10985541442307,200.55234125459253,-35.98067756861835,1,589055.2807113809,4442249.559165781,-109.9547942975033,40.12585490802114
2024-06-18,48,60228.0,16.271634455734873,-24.01952580195258,374.0,214.0,90.0,1,589087.1349155781,4442308.43640235,-109.95441236980086,40.1263819057257
2024-06-19,48,56200.0,37.823202846975086,-60.556868327402135,315.4868658021526,258.273231949448,76.18497465873808,1,589108.6864839692,4442271.899059824,-109.95416451004118,40.12605048983006
2024-06-20,48,55100.0,44.29865698729583,-31.05321234119782,348.0,234.0,90.0,1,589115.1619381096,4442301.402715811,-109.9540844484152,40.12631557546208
2024-06-21,48,66212.0,10.106325137437322,-5.341992388086752,360.5658922019272,277.33322139431675,112.67134362198122,1,589080.9696062597,4442327.113935763,-109.9544821408354,40.12655080808641
2024-06-22,48,65032.0,0.8483208266699471,-24.31381473736007,373.0332797057304,254.87445477669027,78.02386755579633,1,589071.711601949,4442308.142113415,-109.95459340050671,40.1263808887946
2024-06-23,48,56244.0,-5.08114643339734,-42.68885570016357,407.6316528287739,210.8925690385412,130.426078740099,1,589065.7821346889,4442289.767072451,-109.95466551751623,40.126215992666374
2024-06-24,48,66708.0,5.800443724890568,-65.19002218624453,363.6407830601796,262.2013747654584,-98.00472885729286,1,589076.6637248471,4442267.265905965,-109.95454092952825,40.12601214708299
2024-06-25,48,64480.0,19.78759305210918,-28.96588089330025,423.2502153363317,232.99973303788812,-81.13537661158898,1,589090.6508741744,4442303.490047258,-109.95437179336325,40.12633697590919
2024-06-26,48,67132.0,8.579634153607817,-48.84716677590419,370.2933122014489,272.6112318763215,-82.79394299861644,1,589079.4429152759,4442283.608761376,-109.95450606079648,40.12615907076786
2024-06-27,48,72272.0,11.41266327208324,-11.404029222935575,327.41726308156467,287.28696336138563,56.72511201516508,1,589082.2759443944,4442321.051898928,-109.95446764782754,40.12649606223275
2024-06-28,48,66636.0,15.751725793865178,-41.07221321808032,367.0635638948912,272.92749912227043,-98.63080178854892,1,589086.6150069161,4442291.383714934,-109.95442082458574,40.12622834846005
2024-06-29,48,71284.0,19.758262723752875,-43.83525054710734,348.8648648648635,292.3243243243232,-108.9246444160519,1,589090.6215438461,4442288.620677604,-109.9543741900213,40.126203034214974
2024-06-30,48,58572.0,-32.16253499965854,-52.79901659496005,348.0837748902524,273.8033367045961,-122.19573393471282,1,589038.7007461226,4442279.656911557,-109.95498470721796,40.126127787583954
2024-07-01,48,37744.0,20.89783806697753,-83.54154302670624,303.6675871984672,159.83752735007138,101.97613244420369,1,589091.7611191893,4442248.914385125,-109.95436629812717,40.125845235108926
2024-07-02,48,24256.0,7.619063324538258,-91.6207124010554,212.0,144.0,90.0,1,589078.4823444468,4442240.83521575,-109.95452323619264,40.12577386402571
2024-07-03,48,35252.0,11.297855440826051,-89.4864404856462,270.14595026599983,176.56825678079196,-54.92624550665181,1,589082.1611365632,4442242.969487666,-109.95447977198113,40.12579270001503
2024-07-04,48,41084.0,21.215461006717945,-78.8059585239996,295.12453125195105,203.99138154619044,109.35899417569487,1,589092.078742129,4442253.649969627,-109.95436191723587,40.12588786008582
2024-07-05,48,48416.0,-10.37524785194977,-60.5624586913417,351.9534401945672,179.96324773702693,-70.49755149333754,1,589060.4880332703,4442271.89346946,-109.95473010909868,40.1260555461896
2024-07-06,48,38364.0,14.17412157230737,-90.47210926910644,279.7179466763493,184.95969489918963,96.70983680775733,1,589085.0374026946,4442241.983818882,-109.95444615579882,40.12578351626917
2024-07-07,48,72172.0,-2.7683866319348223,-27.68796763287701,366.3267062943172,257.7216765124137,-79.76519723657671,1,589068.0948944903,4442304.767960519,-109.95463630761539,40.126350877216645
2024-07-08,48,56164.0,8.271490634570187,-35.41542625169148,454.7175287764237,204.74256898343816,96.0617887887284,1,589079.1347717568,4442297.0405019,-109.95450782301211,40.12628009791262
2024-07-09,48,54456.0,26.36198031438225,-40.54855296018804,358.0,232.0,90.0,1,589097.2252614367,4442291.907375191,-109.95429624296443,40.12623194136889
2024-07-10,48,57248.0,29.17803242034656,-46.98434879821129,319.79305615822494,240.3944399754849,128.55839990066536,1,589100.0413135426,4442285.471579353,-109.95426408557014,40.12617366864833
2024-07-11,48,47856.0,9.373955198930124,-57.74640588431963,369.7688150866522,167.7673565545992,-83.01894259317018,1,589080.2372363212,4442274.709522267,-109.95449796783893,40.12607882135119
2024-07-12,48,46304.0,25.11057360055287,-52.75881133379406,273.6998712316024,251.47595530698604,-122.90524292298824,1,589095.9738547228,4442279.697116817,-109.9543126135051,40.126122082721146
2024-07-13,48,44212.0,36.44313760969872,-58.61811272957568,278.42270215323094,224.1687847282807,57.36249241571406,1,589107.306418732,4442273.837815422,-109.95418043714257,40.12606810059722
2024-07-14,48,59348.0,15.07393677967244,-56.12158792208668,282.7991948633953,266.42660989761976,82.87498365109822,1,589085.9372179019,4442276.33434023,-109.95443085550987,40.126092853963925
2024-07-15,48,66832.0,-11.253531242518552,-24.7219296145559,342.4857205594401,255.7958893726182,-42.67218491095885,1,589059.6097498798,4442307.733998537,-109.95473547010376,40.12637849441053
2024-07-16,48,59808.0,9.037185660781166,-22.69087747458534,372.7398225752849,282.196568236449,-107.23005271393998,1,589079.9004667831,4442309.765050677,-109.95449708150926,40.126394640829275
2024-07-17,48,50276.0,13.123557960060468,-57.80046145278065,310.51296983500623,252.47902236528216,-102.74528947313316,1,589083.9868390823,4442274.655466699,-109.9544539745139,40.126077937146164
2024-07-18,48,34664.0,23.64435725825064,-74.67182090930072,242.4882515842676,215.90616415618817,-64.68711619812608,1,589094.5076383805,4442257.784107242,-109.95433284407497,40.12592484345213
2024-07-19,48,54248.0,15.743400678366022,-66.02418522341837,279.3807632872067,265.1779521444089,-131.42366562500243,1,589086.6066818007,4442266.431742928,-109.95442436630653,40.12600357941771
2024-07-20,48,58020.0,36.38069631161668,-21.83867631851086,350.69646978571615,247.4016695170754,-64.2126718171856,1,589107.2439774339,4442310.617251833,-109.9541760921442,40.12639942011964
2024-07-21,48,56276.0,32.265548368754,7.40479067453266,371.07396611036086,219.89568362095457,-104.34933204294708,1,589103.1288294911,4442339.860718826,-109.95422034554896,40.12666328434941
2024-07-22,48,54820.0,11.964100693177672,-51.624370667639546,427.4706684835776,189.40924494059252,-68.1985905136479,1,589082.8273818154,4442280.831557483,-109.95446672807053,40.126133694851845
2024-07-23,48,48880.0,25.76644844517185,-60.99639934533552,361.284221509211,211.38841885495523,128.25442035251749,1,589096.6297295674,4442271.459528807,-109.95430605407921,40.126047808184865
2024-07-24,48,48220.0,17.681625881377023,-36.69017005391954,406.0,172.0,90.0,1,589088.5449070036,4442295.765758097,-109.95439757271794,40.126267617868606
2024-07-25,48,26144.0,25.38219094247246,-92.0327417380661,235.7258806405557,160.00297788684296,-113.80594351845755,1,589096.2454720647,4442240.423186413,-109.95431484750533,40.12576827034559
2024-07-26,48,52508.0,-15.666336558238743,-63.905690561438256,319.141963158482,221.7995471932612,89.15747573926035,1,589055.196944564,4442268.55023759,-109.95479266016649,40.12602599044262
2024-07-27,48,74240.0,31.70689655172414,-46.04946120689655,351.3789296776528,248.34016212701889,86.90594194108317,1,589102.5701776741,4442286.406466944,-109.95423428078912,40.126181822221675
2024-07-28,48,61908.0,12.666537442656846,-46.25353750726885,404.624167299741,196.45788205609173,-81.25383773744443,1,589083.529818565,4442286.202390644,-109.95445774382706,40.12618200144475
2024-07-29,48,61496.0,20.29374268245089,-77.49681280083257,353.4111914898476,224.48213075215355,-62.10272896905229,1,589091.1570238047,4442254.959115351,-109.95437255266884,40.12589975067007
2024-07-30,48,41616.0,-6.19281045751634,-89.68435217224145,322.8882159509696,174.41330224498358,116.565051177078,1,589064.6704706647,4442242.771575979,-109.95468504766168,40.12579277012625
2024-07-31,48,61608.0,-10.0714192961953,-59.22075055187638,352.13917703090067,243.24473272817235,135.0,1,589060.7918618261,4442273.2351776,-109.95472635859974,40.12606760025293
2024-08-01,48,64144.0,-7.317161386879521,-55.50349214267897,326.5348267849051,294.64536252106984,-41.633539336570095,1,589063.5461197355,4442276.9524360085,-109.9546935250299,40.1261007939556
2024-08-02,48,58464.0,12.700602079912423,-49.32567049808429,336.2984126784791,244.011956354754,-61.09764296379778,1,589083.5638832022,4442283.130257653,-109.95445776810686,40.126154323746256
2024-08-03,48,57168.0,6.981248250769661,-44.25986565910999,344.379933302653,223.9646263278061,-78.69006752597964,1,589077.8445293731,4442288.196062492,-109.9545241844276,40.12620056298934
2024-08-04,48,61220.0,-7.107089186540346,-34.68056190787324,334.2377554666557,260.3029275729739,-55.20397372173172,1,589063.7561919357,4442297.775366244,-109.95468818649147,40.1262883468091
2024-08-05,48,50380.0,18.740293767368,-62.36855895196506,279.480529490465,259.1200310848637,-32.79953127261926,1,589089.6035748897,4442270.0873692,-109.95438869386012,40.12603619213597
2024-08-06,48,74488.0,5.369240683063044,-30.036945548276236,323.7826431419696,311.26066246797075,153.434948822922,1,589076.2325218053,4442302.418982604,-109.95454113810321,40.126328855296556
2024-08-07,48,64588.0,7.085526723230322,-35.48436242026383,389.4295897917932,244.58503191699484,-54.46232220802531,1,589077.9488078455,4442296.971565731,-109.9545217496002,40.126279602576155
2024-08-08,48,67372.0,14.276435314373924,-30.59443092085733,423.5493856636672,222.94561578612232,-71.02959219151346,1,589085.1397164366,4442301.861497231,-109.95443669064477,40.12632288970913
2024-08-09,48,64700.0,-11.443338485316849,-26.006182380216384,321.0264786586925,267.28636328851496,135.0,1,589059.419942637,4442306.4497457715,-109.95473787466989,40.12636694583419
2024-08-10,48,63372.0,-10.527299122640914,-27.90809821372215,351.6270308075523,255.78796634867132,135.34724289708595,1,589060.3359819996,4442304.547829938,-109.95472738753782,40.12634971614996
2024-08-11,48,54036.0,-36.36849507735584,-12.49789029535865,323.8290306197303,223.0487250306716,138.90854429445943,1,589034.4947860449,4442319.958037856,-109.95502850388966,40.12649126971441
2024-08-12,48,64460.0,13.63996276760782,-18.38895439031958,361.8458829127899,236.72824952840824,106.04900479253352,1,589084.5032438899,4442314.066973761,-109.95444247488207,40.1264329053263
2024-08-13,48,60052.0,-31.50762672350629,-1.0440285086258576,363.8645758008792,212.4819872237705,-60.01836063115053,1,589039.3556543988,4442331.411899643,-109.95496988215677,40.12659393253648
2024-08-14,48,61876.0,-1.2236085073372551,-11.707544120499062,365.847318347794,246.95506569777135,93.32740424172664,1,589069.639672615,4442320.748384031,-109.95461597456982,40.126494666867806
2024-08-15,48,63724.0,13.61019396145879,-40.3463687150838,330.6927764409781,262.5259795738677,-41.03534527714422,1,589084.4734750837,4442292.109559436,-109.95444585487449,40.12623511384497
2024-08-16,48,58072.0,15.02837856454057,-62.05744592919135,336.3603280267627,218.65065311612503,-80.53767779197412,1,589085.8916596868,4442270.398482222,-109.95443220942148,40.12603938797229
2024-08-17,48,58892.0,16.70773619506894,-41.81036473544794,375.80982051126017,232.95813435200927,137.54480437981303,1,589087.5710173174,4442290.645563416,-109.95440970786984,40.12622159782098
2024-08-18,48,56460.0,0.2738930216082182,-53.672972015586254,291.3279938488576,258.8010819142764,135.0,1,589071.1371741439,4442278.782956135,-109.9546041929819,40.12611647933732
2024-08-19,48,46160.0,15.85944540727903,-69.42461005199307,312.0,216.0,-90.0,1,589086.7227265296,4442263.031318099,-109.95442347389348,40.12597293574579
2024-08-20,48,53416.0,-16.0034446607758,-63.261494683240976,298.258991046817,262.3910367948069,142.0165017447227,1,589054.8598364615,4442269.194433468,-109.95479652717141,40.12603182913135
2024-08-21,48,62880.0,-2.802290076335878,-41.536259541984734,344.0955491533618,261.7994987140686,103.47315811273168,1,589068.0609910459,4442290.919668609,-109.9546386165131,40.12622613396867
2024-08-22,48,56900.0,7.901300527240774,-45.76463971880492,357.9968024055021,242.0686061787741,125.95242800009892,1,589078.7645816496,4442286.691288433,-109.95451359547246,40.12618691035506
2024-08-23,48,56820.0,-13.95212953185498,-50.360718057022176,385.8420125579456,234.4190330860524,136.02303018866786,1,589056.9111515904,4442282.095210095,-109.95477067539156,40.12614782339397
2024-08-24,48,61632.0,-43.29958463136033,-45.435228452751815,345.0681092190352,244.65894629054543,135.0,1,589027.563696491,4442287.0206996985,-109.95511438250614,40.126195300670716
2024-08-25,48,61848.0,39.2158841029621,6.942180830422973,278.0367346441662,273.9054013535667,-53.93059010041858,1,589110.0791652253,4442339.398108982,-109.95413884802694,40.12665838051408
2024-08-26,48,29436.0,11.852969153417584,-97.1640168501155,271.73244545099533,154.22544907799238,-69.04422326936809,1,589082.7162502757,4442235.291911301,-109.95447431750965,40.125723480800445
2024-08-27,48,53792.0,3.850237953599048,-42.83209399167163,414.2792333297901,200.62618803818407,102.724355685422,1,589074.7135190759,4442289.62383416,-109.95456072918527,40.12621375621073
2024-08-28,48,40372.0,10.961854750817398,-90.65213514316854,290.5576787935269,178.99129127681374,-75.96375653207353,1,589081.8251358732,4442241.803793008,-109.95448387574598,40.12578223491569
2024-08-29,48,51724.0,18.975485267960718,-70.28737143299048,280.0142853498728,267.28636328851496,-135.0,1,589089.8387663902,4442262.168556718,-109.95438702697733,40.12596483373949
2024-08-30,48,56208.0,23.47608881298036,-41.09251352120695,408.4767134942674,198.31481585854291,-89.45434240658409,1,589094.3393699352,4442291.36341463,-109.95433018344573,40.12622734712266
2024-08-31,48,64436.0,6.44856912285058,-56.65627909864051,344.45253575720426,272.8388229476072,-105.01836063115132,1,589077.3118502451,4442275.799649053,-109.95453214616886,40.126088951255866
2024-09-01,48,65592.0,-7.419319429198683,-58.0028052201488,338.3671196973912,267.92019477678787,146.3099324740206,1,589063.4439616931,4442274.4531229315,-109.95469506871382,40.126078290706154
2024-09-02,48,59716.0,18.61638421863487,-61.71009444704936,371.6740775323234,235.16209870998185,87.27368900609355,1,589089.479665341,4442270.745833704,-109.95439005702326,40.12604213678099
2024-09-03,48,63428.0,23.32812007315381,-58.91618843413004,298.1580639929058,284.2224403043132,-48.25722194066684,1,589094.1914011955,4442273.539739718,-109.9543343801792,40.126066805314785
2024-09-04,48,66560.0,12.749278846153846,-47.71033653846154,350.8737049393534,245.172443582548,-74.33183957824748,1,589083.6125599685,4442284.745591613,-109.9544569739433,40.12616886968304
2024-09-05,48,60920.0,21.032304661851608,10.32225869993434,382.310914377354,248.10040797047216,114.08745230863256,1,589091.8955857841,4442342.778186851,-109.95435176365976,40.126690755579546
2024-09-06,48,46536.0,25.04847859721506,-31.468282619907168,365.8682771915592,215.4158524053528,-102.84770485871802,1,589095.9117597195,4442300.987645532,-109.95431040320335,40.12631387655841
2024-09-07,48,54200.0,18.738450184501843,-43.49889298892989,394.7049743174039,200.0082077738193,-85.86532862626333,1,589089.6017313068,4442288.9570351625,-109.9543861108967,40.12620617221665
2024-09-08,48,47904.0,34.602204408817634,-66.65681362725451,304.0,230.0,90.0,1,589105.4654855311,4442265.799114524,-109.95420314987635,40.12599588225686
2024-09-09,48,46792.0,17.070781330141905,-66.71807146520773,257.8139916657805,240.49876153245256,51.91122711902448,1,589087.9340624524,4442265.737856686,-109.9544088855715,40.12599718817665
2024-09-10,48,55148.0,15.053456154348298,-60.85674911148183,271.1821116978738,253.2569485072693,-39.80557109226503,1,589085.9167372766,4442271.59917904,-109.9544317494157,40.12605020131555
2024-09-11,48,60240.0,-20.315405046480745,-36.689243027888445,347.8965363437814,239.00209204105303,135.0,1,589050.5478760758,4442295.766685124,-109.9548434608842,40.12627165142856
2024-09-12,48,22984.0,18.93734772015315,-90.20779672815873,222.01982111830284,139.93723438312583,121.4768393495841,1,589089.8006288424,4442242.248131423,-109.95439022411959,40.125785392539605
2024-09-13,48,37800.0,18.541164021164025,-79.99026455026456,244.8696616968147,211.76406567733653,-102.09475707701256,1,589089.4044451434,4442252.465663602,-109.95439346291853,40.12587747510009
2024-09-14,48,62776.0,21.96495475978081,-34.24608130495731,392.0864562024303,219.74427484209588,-87.70938995736111,1,589092.8282358821,4442298.209846847,-109.95434697125822,40.12628918060834
2024-09-15,48,64608.0,14.806215948489353,-35.82776126795444,351.7296923952467,279.59095694039723,133.91907581333928,1,589085.6694970708,4442296.628166883,-109.95443119609622,40.126275691201364
2024-09-16,48,57276.0,-25.42495984356449,-28.752985543683216,401.31676358498106,218.05346042423884,136.61809453273736,1,589045.4383212788,4442303.702942608,-109.95490232567738,40.1263436832079
2024-09-17,48,49728.0,-1.8817567567567568,-57.097812097812096,399.84164346210287,191.78450921874173,-77.79953127261953,1,589068.9815243655,4442275.358116054,-109.95462996170987,40.12608585638278
2024-09-18,48,53432.0,9.044916903728105,-57.672406048809705,336.84640711089884,208.58043382745285,115.6154843206422,1,589079.908198026,4442274.783522103,-109.95450181881981,40.12607952280984
2024-09-19,48,62756.0,18.35234877939958,-34.39836828351074,396.9367179401417,201.0036690612682,-91.02303018866762,1,589089.2156299017,4442298.057559868,-109.95438938556607,40.12628819158501
2024-09-20,48,74756.0,23.001016640804757,-45.25485579752796,405.8710663248224,236.3246125134892,103.2985703304942,1,589093.8642977631,4442287.201072354,-109.95433633288984,40.12618990265842
2024-09-21,48,49176.0,0.0914267122173417,-83.85895558809175,266.2428230835661,237.73868081395764,133.09084756700366,1,589070.9547078345,4442248.596972563,-109.95461049988424,40.12584458020686
2024-09-22,48,40824.0,7.137370174407211,-38.80599647266314,385.7978745405412,130.9182951309711,108.43494882292178,1,589078.0006512967,4442293.649931679,-109.95452159965843,40.126249675463015
2024-09-23,48,61504.0,9.190556711758584,-60.51378772112383,325.60682185994085,254.7940518909796,133.09084756700366,1,589080.053837834,4442271.94214043,-109.95450050192325,40.126053911921254
2024-09-24,48,53932.0,18.79537194986279,-56.60134984795668,380.8299285685753,178.93441161649085,110.462271523422,1,589089.6586530722,4442275.854578303,-109.9543872514785,40.126088137911346
2024-09-25,48,62792.0,-5.137469741368327,-41.38871193782647,402.0,220.0,90.0,1,589065.7258113809,4442291.067216214,-109.95466599904672,40.12622771046184
2024-09-26,48,55576.0,24.228587879660285,-54.3552612638549,418.0,198.0,90.0,1,589095.091869002,4442278.100666888,-109.95432318379781,40.12610779519659
2024-09-27,48,49344.0,14.660992217898832,-68.96076523994812,355.4702540546928,217.9909028533364,-82.61395684873253,1,589085.5242733402,4442263.495162912,-109.95443747344166,40.12597724108783
2024-09-28,48,64256.0,31.632096613545816,-41.49041334661354,380.2904962505132,252.53471962362843,82.8749836510982,1,589102.4953777358,4442290.965514805,-109.95423452916845,40.126222898516424
2024-09-29,48,64896.0,15.293639053254438,-71.41777613412229,384.0,238.0,90.0,1,589086.1569201755,4442261.038152018,-109.95443038860535,40.12595504105002
2024-09-30,48,30560.0,21.08743455497382,-89.50392670157068,240.0,162.0,90.0,1,589091.9507156772,4442242.95200145,-109.95436489626321,40.12579150525353
2024-10-01,48,57900.0,22.6987219343696,-50.086493955094994,434.3979227206565,174.13309808252677,-80.41705527646705,1,589093.5620030566,4442282.3694341965,-109.95434054720585,40.12614641079975
2024-10-02,48,55692.0,20.17884076707606,-33.79717015011133,361.9170114112093,203.77576618174623,-87.07927847899947,1,589091.0421218894,4442298.658758001,-109.9543678690224,40.12629341370527
2024-10-03,48,64016.0,20.22781804548863,-40.20232441889527,392.2269279457761,230.13339182892105,80.31121343963314,1,589091.0910991678,4442292.253603732,-109.95436817841323,40.12623571023116
2024-10-04,48,72232.0,-18.53472145309558,-40.29338797208993,343.40486947044525,307.17223377016376,-130.10090754621208,1,589052.3285596692,4442292.16254018,-109.95482306216057,40.12623899631958
2024-10-05,48,20212.0,7.432020581832575,-97.65485849990104,220.0,118.0,90.0,1,589078.2953017041,4442234.801069652,-109.95452626386692,40.125719527629116
2024-10-06,48,44356.0,23.161691766615565,-48.54071602488953,398.8957064388944,144.87257000019548,-82.8749836510982,1,589094.0249728889,4442283.915212126,-109.95433490097271,40.12616028626773
2024-10-07,48,56360.0,29.188786373314407,-51.88502484031228,353.9908742762016,227.14064745064056,-102.83560948640208,1,589100.0520674956,4442280.5709033115,-109.95426463589986,40.12612952171853
2024-10-08,48,64604.0,16.518605659092316,-73.79035353848059,340.0586417712001,250.5058321944428,-66.64443514071375,1,589087.3818867814,4442258.665574613,-109.95441634138868,40.12593353883841
2024-10-09,48,56508.0,25.125221207616622,-49.42620513909535,401.3555867912276,206.35415446073108,-66.08039707992282,1,589095.9885023299,4442283.029723013,-109.9543119815824,40.12615210162644
2024-10-10,48,42308.0,30.640068072232204,-49.62333364848256,389.6478204984443,145.36362633607044,-82.01988625483136,1,589101.5033491945,4442282.832594503,-109.95424729318293,40.126149741469234
2024-10-11,48,66752.0,15.641658676893575,-61.0575263662512,397.1256728039627,243.28419595197715,-63.43494882292202,1,589086.5049397992,4442271.398401786,-109.95442487470038,40.1260483303711
2024-10-12,48,68080.0,-3.16310223266745,-44.65581668625147,397.2151405719622,243.91492225747257,-89.34145682243653,1,589067.7001788897,4442287.800111465,-109.95464328106738,40.12619807089808
2024-10-13,48,47540.0,26.84223811527135,-62.97921750105174,357.50490178540434,186.55437467924625,92.2025981617655,1,589097.7055192376,4442269.47671065,-109.95429370363809,40.126029832757894
2024-10-14,48,78700.0,12.67476493011436,-32.95695044472681,340.57908837191184,316.4718336226952,118.44292862436292,1,589083.5380460524,4442299.498977707,-109.95445581205271,40.1263017775925
2024-10-15,48,41212.0,15.761816946520431,-78.01320003882364,349.6926721859421,173.66114865602262,-86.42366562500266,1,589086.6250980688,4442254.442728112,-109.95442580498113,40.125895579187464
2024-10-16,48,57920.0,1.1911602209944752,-77.72817679558011,324.0,238.0,90.0,1,589072.0544413433,4442254.727751356,-109.95459674873075,40.12589969039586
2024-10-17,48,58352.0,22.817521250342747,-58.16109130792432,361.5704239439752,229.8243130281064,99.1178627537958,1,589093.6808023726,4442274.294836843,-109.95434026771454,40.12607366141169
2024-10-18,48,59388.0,26.78009025392335,-14.926113019465213,341.4295963987121,279.7646992457164,-127.30394827798334,1,589097.6433713762,4442317.529815132,-109.95428779947473,40.126462706612
2024-10-19,48,77172.0,-12.58186907168403,-18.25885036023428,383.9245795187136,286.21113499146736,-40.236358309273605,1,589058.2814120506,4442314.197077791,-109.95475016612971,40.12643685519589
2024-10-20,48,57000.0,14.83340350877193,-80.7818947368421,314.0,248.0,90.0,1,589085.696684631,4442251.674033415,-109.95443708182894,40.12587073686877
2024-10-21,48,70204.0,29.300096860577742,-42.71916130135035,387.5467890353481,255.28280339379577,-111.28640511365944,1,589100.1633779829,4442289.736766851,-109.95426206436849,40.12621207695725
2024-10-22,48,48844.0,27.518466956023257,-50.39751044140529,367.8280410796595,161.60368728942788,-77.12499844038757,1,589098.3817480783,4442282.0584177105,-109.95428403141074,40.126143098403325
2024-10-23,48,62496.0,18.452764976958527,-54.78827444956477,389.754520734859,227.9961034639608,-100.78429786756334,1,589089.3160460993,4442277.667653702,-109.95439102163908,40.12610450658239
2024-10-24,48,54932.0,13.623825821015071,-65.2836233889172,320.6812986209305,219.877159735428,-83.43730149106266,1,589084.4871069433,4442267.1723047625,-109.95444913682223,40.12601047504995
2024-10-25,48,43332.0,18.78445490630481,-51.98061478814733,384.5022356642008,166.1147888567516,-74.74488129694257,1,589089.6477360287,4442280.475313364,-109.95438674178341,40.12612976312329
2024-10-26,48,50688.0,13.376578282828282,-59.4386047979798,389.964185065173,192.6270904858949,-61.1134182330894,1,589084.2398594051,4442273.017323353,-109.95445123147488,40.12606315377469
2024-10-27,48,63200.0,12.885443037974683,-61.0453164556962,377.0894740029386,247.61847994805453,-87.61405596961092,1,589083.7487241603,4442271.410611696,-109.95445721660113,40.126048732387275
2024-10-28,48,69928.0,48.14963962933303,-33.51332799450864,331.8493811367808,277.4087310287201,-83.77417093557503,1,589119.0129207516,4442298.942600157,-109.95403959749456,40.12629300631966
2024-10-29,48,29308.0,-1.787088849460898,-83.859697011055,273.2967031123509,152.63047088577648,-99.92624550665155,1,589069.0761922728,4442248.59623114,-109.95463254389009,40.125844772526335
2024-10-30,48,44240.0,-43.475226039783,-35.01609403254973,323.1784288589403,215.4058722295479,121.4768393495841,1,589027.3880550825,4442297.439834119,-109.95511500645712,40.12628917591922
2024-10-31,48,55104.0,10.441347270615564,-47.97343205574913,361.7257794768573,241.2563338327425,52.52382043863866,1,589081.3046283929,4442284.482496096,-109.95448409337422,40.126166744216505
2024-11-01,48,48184.0,8.446455254856383,-23.65100448281587,424.3867383975549,175.3570102313481,85.10090754621204,1,589079.3097363771,4442308.8049236685,-109.95450414614999,40.12638605449312
2024-11-02,48,54456.0,19.97634787718525,-55.18936389011312,331.92759599949136,239.6515764926208,-106.09081634885264,1,589090.8396289995,4442277.266564261,-109.95437319807708,40.12610073209083
2024-11-03,48,53168.0,16.158140234727657,-69.96403851941017,313.10429133218884,241.1437791458592,-62.54900222906821,1,589087.021421357,4442262.491889632,-109.9544200432342,40.12596804487068
2024-11-04,48,20692.0,6.7658998646820026,-90.02010438816934,241.4510337919421,120.40095103701869,119.56035446468088,1,589077.629180987,4442242.435823764,-109.95453302693875,40.125788372855084
2025-02-20,48,17232.0,-22.09099350046425,-85.56035283194058,184.8121462776857,120.78274126809382,75.96375653207353,1,589048.7722876219,4442246.895575319,-109.95487103970615,40.12583160344351
2025-06-03,48,12972.0,-9.30928152944804,-87.31483194572927,180.3102821081908,88.96553504584107,77.7352262721075,1,589061.5539995929,4442245.141096205,-109.95472129167337,40.12581444512428
2025-06-04,48,62716.0,-7.15772689584795,-22.499011416544423,318.7575881449717,273.22078983854954,161.56505117707752,1,589063.7055542264,4442309.956916735,-109.95468709975533,40.12639808483492
2025-06-05,48,63464.0,21.83751418126812,-27.003277448632296,351.3810494661772,250.26547672377703,125.4839797950316,1,589092.7007953036,4442305.452650703,-109.95434746697497,40.12635443802877
2025-06-06,48,55860.0,-5.064661654135338,-36.07633369137128,386.3069142902705,215.88979988399265,-62.35402463626156,1,589065.7986194681,4442296.37959446,-109.95466441157609,40.126275557200245
2025-06-07,48,39236.0,-2.3751656641859515,-78.77908043633398,238.81205999697752,223.60679774997897,-63.43494882292201,1,589068.488115458,4442253.676847715,-109.95463874371521,40.12589060154332
2025-06-08,48,55712.0,6.740666283744974,-49.17461229178633,312.8977593775173,253.35483974945825,127.51911382047618,1,589077.603947406,4442283.281315859,-109.9545276859082,40.12615631593461
2025-06-09,48,57540.0,18.051303441084464,-65.90434480361488,385.1590213121257,197.24976983031712,-74.05460409907683,1,589088.9145845633,4442266.551583348,-109.9543972670505,40.12600441441754
2025-06-10,48,47700.0,42.08670859538784,-45.34121593291405,284.61851899470736,253.20349451324336,-132.15786211634477,1,589112.9499897177,4442287.114712219,-109.95411237795922,40.12618710211514
2025-06-11,48,68576.0,-19.2372841810546,-4.3905739617358845,408.0185946757184,245.90203459290424,127.30394827798334,1,589051.6259969412,4442328.06535419,-109.95482635294836,40.126562486989656
2025-06-12,48,60796.0,28.41029015066781,-68.95243108099217,326.34274312786255,236.23553503985025,-75.14138555207553,1,589099.273571273,4442263.503497071,-109.95427612747018,40.12597585927455
2025-06-13,48,63692.0,1.6000753626829116,-65.96621239716134,303.4949094911448,303.4699756339733,144.13017648227893,1,589072.463356485,4442266.489715754,-109.95459032702261,40.12600560006777
2025-06-14,48,52212.0,2.479736459051559,-68.80150157052019,333.0639140096852,217.76248036353127,121.6075022462488,1,589073.3430175814,4442263.654426581,-109.95458039568227,40.12597996630071
2025-06-15,48,43396.0,25.28730758595262,-87.28749193474053,318.3080141595129,178.48500057840184,-75.65066795705295,1,589096.1505887082,4442245.168436217,-109.95431530590758,40.12581102609803
2025-06-16,48,47524.0,-5.793620065651039,-77.61265886709873,316.9293853433572,206.48429651158207,-59.03624346792643,1,589065.0696610566,4442254.843269285,-109.9546786974818,40.12590147090709
2025-06-17,48,28484.0,1.1254037354304172,-97.53068389271168,277.92051837655504,149.31472976070376,85.84035770628708,1,589071.9886848577,4442234.925244259,-109.95460025314266,40.12572131432632
2025-06-18,48,47936.0,-19.061915887850468,-60.729806408544725,363.362990977941,208.4874340468519,-67.12633480937329,1,589051.8013652344,4442271.726121743,-109.95483206835435,40.12605495877935
2025-06-19,48,63420.0,-31.261810154525385,-40.842510249132765,383.9503020373997,264.05169445484006,151.20902492780846,1,589039.6014709678,4442291.613417902,-109.9549724879489,40.126235397652714
2025-06-20,48,55580.0,-38.94091399784095,-53.48067650233897,321.8982561386792,245.24375402120697,-44.14490260373323,1,589031.9223671245,4442278.9752516495,-109.95506434414568,40.12612236490723
2025-06-21,48,54680.0,-57.626481346013165,-27.873591806876373,307.4092085418262,250.08242266169265,125.7538872544367,1,589013.2367997763,4442304.582336345,-109.95528008391068,40.126355014610965
2025-06-22,48,17324.0,22.469175709997693,-89.89563611175248,206.6403525309557,110.59624501656783,104.03624346792648,1,589093.3324568323,4442242.56029204,-109.95434873596473,40.12578783028486
2025-06-23,48,68172.0,29.830076864401807,14.661033855541865,364.1778697266873,265.8215782829994,-123.23171106797965,1,589100.6933579867,4442347.116962007,-109.95424792378905,40.12672890742102
2025-06-24,48,43940.0,-12.868639053254435,-64.15748748293127,314.7837922748303,199.49425781286624,134.04515874612753,1,589057.994642069,4442268.298440669,-109.95475986455055,40.12602342590184
2025-06-25,48,57668.0,8.775889574807518,-72.27148505236873,336.36048748613905,271.16400071945736,-84.85723544211557,1,589079.6391706971,4442260.184443099,-109.95450699068627,40.125948041304625
2025-06-26,48,17776.0,-109.13816381638163,-84.4059405940594,279.2386862568263,83.39678884851577,38.65980825409,1,588961.7251173059,4442248.049987557,-109.95589235717276,40.125851217044016
