id,tm,ridge_ensemb
6IBB_72.12,72.12,74.03805152212604
5MP2_70.27,70.27,72.76181890869597
6XW6_66.07,66.07,65.87028690562983
7BC6_63.0,63.0,68.40338092181004
5MY6_74.28,74.28,63.15902785266672
6SC5_65.24,65.24,65.54731803257066
6RTW_64.21,64.21,68.34388621037424
1ZVY_65.1,65.1,61.3777339695181
7DSS_67.53,67.53,69.69685453134652
7AZB_59.91,59.91,57.62675664665301
5IP4_63.24,63.24,60.7964153259831
3K81_64.1,64.1,65.3004912951249
3QXV_67.24,67.24,68.17230491212838
6RL7_72.09,72.09,63.53891365623047
5L21_66.86,66.86,64.19910192029907
6DBD_65.6,65.6,59.95686324037872
7NQA_65.87,65.87,66.05478389835332
6UI1_67.83,67.83,65.64181846361683
6X05_66.67,66.67,64.33284385004326
7B27_65.74,65.74,63.83272774812625
1BZQ/NbThermo.00491_70.11,70.11,74.84004746734121
1JTO/NbThermo.00112_67.01,67.01,59.83064095729738
1KXT_57.85,57.85,64.66162641071281
1KXV_56.99,56.99,64.0687116288296
1QD0_66.56,66.56,63.30318282975186
1RI8_78.14,78.14,65.77626123406492
2BSE_75.23,75.23,76.07089846078281
2X6M_67.13,67.13,68.41222589873254
3DWT/NbThermo.00113/NbThermo.00133_77.72,77.72,78.15771217485361
3EBA_86.21,86.21,81.74137809884175
3G9A_66.55,66.55,66.31653953820403
3J69_66.03,66.03,67.67528037686999
3J6A_69.02,69.02,66.48751416115914
3P9W_60.0,60.0,66.48085600022537
3SN6_60.26,60.26,59.18920806299915
4B5E_61.66,61.66,65.99118273193102
4C57_63.78,63.78,58.03439473867081
4I0C_75.79,75.79,71.36536147265772
4I13_65.39,65.39,69.68973133047012
4IDL_53.76,53.76,61.53788160165593
4LJP_71.72,71.72,68.9377706902142
4LJS_72.49,72.49,67.59717606513173
4QGY_74.65,74.65,72.58649601722122
4YGA_73.41,73.41,68.75683842385884
4Z9K/NbThermo.00231_73.49,73.49,72.01121701127026
5C1M_61.35,61.35,65.15655385231321
5FOJ_70.81,70.81,68.90778188613987
5J56_73.74,73.74,69.81136476526315
5KU2_55.16,55.16,65.69177658418748
5M2M_74.98,74.98,67.1848823203215
5NM0_72.73,72.73,68.7892913714972
5O03_69.2,69.2,66.22470231462451
5OCL_71.69,71.69,66.725373704264
5OVW_76.47,76.47,72.40498908913321
5TD8_66.55,66.55,64.93685814891546
5TJW_66.25,66.25,65.85673420404098
5U64_73.39,73.39,62.30854079062367
5VLV_69.62,69.62,65.70515104624174
5VM4_72.93,72.93,62.40627246995486
5VXK_65.75,65.75,67.50890849788826
6CK8_66.66,66.66,66.10436624187409
6EQI_62.47,62.47,68.49012528069711
6FYU_64.58,64.58,64.79898965351687
6GWN_64.42,64.42,68.33899546921747
6HEQ_60.61,60.61,64.81228610932573
6HHU_70.29,70.29,73.32285267354567
6I2G_61.03,61.03,65.91218391669159
6I8H_66.04,66.04,65.55208743680375
6ITP_68.38,68.38,61.43044876640441
6KNM_69.42,69.42,69.73189332216626
6KSN_63.03,63.03,75.45224863490967
6OBC_64.04,64.04,64.9790399464631
6OQ5_65.81,65.81,61.95271971871054
6OS1_71.54,71.54,69.07889426998007
6QKD_69.2,69.2,71.29115904621281
6QV1_63.83,63.83,66.02492352478359
6RAF_86.19,86.19,74.99974005214939
6U12_61.28,61.28,64.40154303496749
6U50_57.07,57.07,58.8016684032334
6U53_65.19,65.19,62.83398366861059
6X02_76.46,76.46,70.57949150301395
6X03_66.97,66.97,68.84992112250653
6XXN_80.66,80.66,71.76936612332939
7B18_66.14,66.14,69.4838552594896
7E9G_59.28,59.28,58.80289848189042
7JVB/NbThermo.00028_72.91,72.91,72.56555674276774
7KBI_63.45,63.45,65.4767108328145
7MJH_59.64,59.64,61.04625239862495
7MY3_60.89,60.89,66.151806128134
7NQK_66.46,66.46,71.84859473924996
7OAN_67.55,67.55,67.93075372593124
7OAP_69.0,69.0,71.33255397821253
7OLZ_68.79,68.79,69.90782615261381
sdAb.4875_84.2,84.2,73.40193487487015
7KGJ_61.6,61.6,66.12069254194465
NbPep1/NbThermo.00045_71.86,71.86,75.60255856686362
NbPep2/NbThermo.00046_76.13,76.13,71.05553856376862
NbD1/NbThermo.00047_65.94,65.94,65.65220508509515
NbPep3/NbThermo.00048_60.68,60.68,63.169232877655986
NbPep4/NbThermo.00049_67.33,67.33,68.19501426682585
NbD9/NbThermo.00050_63.12,63.12,64.37987595148198
NbD8/NbThermo.00051_57.2,57.2,64.09935684296211
NbPep5/NbThermo.00052_70.44,70.44,66.73471575498259
NbPep7/NbThermo.00054_68.49,68.49,73.38514837124225
NbD6/NbThermo.00056_70.75,70.75,66.85377533933325
NbPep9/NbThermo.00057_72.41,72.41,65.82091737934276
NbPep13/NbThermo.00061_69.19,69.19,67.94226633984991
NbPep14/NbThermo.00062_72.02,72.02,69.19857727009965
NbPep15/NbThermo.00063_67.08,67.08,66.63124524881134
NbPep16/NbThermo.00064_74.44,74.44,70.0912645995284
NbPep17/NbThermo.00065_71.28,71.28,69.05019385834196
NbPep18/NbThermo.00066_70.65,70.65,66.91530962055957
NbD4/NbThermo.00069_57.46,57.46,54.989048446691356
NbD3/NbThermo.00085_68.48,68.48,67.57556369953957
NbD2/NbThermo.00086_66.53,66.53,64.58141535050494
NbD5/NbThermo.00087_58.19,58.19,66.51005853639799
NbPep47/NbThermo.00095_67.06,67.06,62.393993059686665
NbPep50/NbThermo.00096_62.39,62.39,68.67401183721003
NbPep51/NbThermo.00097_72.45,72.45,66.57122068807165
NbPep52/NbThermo.00098_59.0,59.0,65.1142646561382
NbPep10/NbThermo.00058_84.58,84.58,68.05219752090962
NbPep11/NbThermo.00059_68.0,68.0,68.13643102757243
NbPep12/NbThermo.00060_68.57,68.57,68.43021678650936
NbPep19/NbThermo.00067_71.43,71.43,66.8758235113188
NbD12/NbThermo.00070_61.46,61.46,64.24995652155415
NbPep21/NbThermo.00071_68.73,68.73,65.65331485247324
NbPep22/NbThermo.00072_69.54,69.54,72.84991533800374
NbPep23/NbThermo.00073_69.63,69.63,69.9460639319643
NbPep24/NbThermo.00074_76.09,76.09,68.28399378772377
NbPep25/NbThermo.00075_68.33,68.33,69.93988895824815
NbD10/NbThermo.00076_59.54,59.54,63.251150651300534
NbPep26/NbThermo.00077_72.88,72.88,72.90083186672116
NbPep27/NbThermo.00078_85.8,85.8,69.16322860310515
NbPep28/NbThermo.00079_63.9,63.9,68.98123464611282
NbPep29/NbThermo.00080_55.1,55.1,66.12352187319436
NbPep30/NbThermo.00081_75.95,75.95,65.99397338913205
NbPep31/NbThermo.00082_62.82,62.82,60.45852944874702
NbPep32/NbThermo.00083_58.85,58.85,63.32372893502635
NbPep33/NbThermo.00084_74.37,74.37,70.85464158211887
NbD11/NbThermo.00088_60.24,60.24,71.56461312886394
NbPep34/NbThermo.00089_71.37,71.37,64.53878863885214
NbPep35/NbThermo.00090_70.51,70.51,65.76812964647286
NbPep36/NbThermo.00091_74.55,74.55,72.7533935217777
NbPep37/NbThermo.00092_72.37,72.37,65.08040237388573
NbPep38/NbThermo.00093_79.74,79.74,68.33712462867179
NbPep39/NbThermo.00094_76.28,76.28,66.64569862387532
NbPep55/NbThermo.00101_75.68,75.68,75.00462085592392
NbPep57/NbThermo.00103_71.72,71.72,69.3714821454516
NbPep60/NbThermo.00104_79.41,79.41,68.05021060052651
NbPep61/NbThermo.00105_74.55,74.55,62.30460237336803
NbPep62/NbThermo.00106_74.65,74.65,74.40688956480216
NbPep64/NbThermo.00107_74.55,74.55,74.44040861798402
NbPep65/NbThermo.00108_73.88,73.88,70.48608363092677
NbPep66/NbThermo.00109_66.96,66.96,66.81975238740928
NbPep67_59.64,59.64,69.03282278916943
NbPep68/NbThermo.00110_68.23,68.23,70.92809325881548
NbPep69/NbThermo.00111_63.57,63.57,60.78455495079716
NbPep54/NbThermo.00100_76.58,76.58,67.37291837639616
NbPep56/NbThermo.00102_74.08,74.08,67.36832890186166
1.1yc7/NbThermo.00141/NbThermo.00149_70.94,70.94,71.68340666838773
2.4u05/NbThermo.00372_83.44,83.44,82.00032629784822
3.6ul4_70.59,70.59,64.80726437615886
4.Nb24_64.97,64.97,56.422547997438556
5.Nb24.H_68.38,68.38,68.9213729265397
6.Nb24.HR_72.1,72.1,70.51597168635253
7.Nb24.B_69.74,69.74,72.51877262600547
8.Nb24.BR_75.84,75.84,69.44419361955215
9.Nb24.L_66.87,66.87,67.97786523241486
10.mNb6.H_62.59,62.59,61.08525403759416
11.mNb6.B_60.6,60.6,64.03024054732352
12.mNb6.BR_61.8,61.8,61.00264699079917
14.mNb6.L2_55.42,55.42,60.75992362475175
15.C1.K_74.83,74.83,77.54128614557314
16.C1.I_73.58,73.58,77.44570905172954
17.aGFP/NbThermo.00144/NbThermo.00279_67.64,67.64,72.46009300460548
19.1mel.T28C_57.61,57.61,66.38836373126506
26.HET.A111C_75.13,75.13,74.7931452004551
27.HET.A112C_74.59,74.59,75.15478320668032
29.K9.A112C_74.05,74.05,73.0847953892859
30.PL_75.65,75.65,75.59552929491132
31.QP_77.74,77.74,78.09345255572183
32.aS49_75.72,75.72,74.07972899638247
33.aS46_77.59,77.59,72.37920339232636
34.P2_78.34,78.34,75.25520901922691
35.C1_77.06,77.06,73.98773557075371
36.mNb6_55.31,55.31,64.9795974825511
37.CT1_53.44,53.44,64.85204450447469
38.NB201_73.46,73.46,73.69717812967657
39.Nb24.G114C_56.4,56.4,66.47385338380262
40.P1T_82.41,82.41,74.58993812188776
43.C2T_78.69,78.69,78.88702062737634
44.T2T_78.38,78.38,74.6079178975052
45.D3_70.15,70.15,68.27231040751458
NbThermo.00001_67.5,67.5,62.384694746659065
NbThermo.00003_62.0,62.0,62.33091854018146
NbThermo.00005_70.0,70.0,58.70045986493695
NbThermo.00011_67.5,67.5,68.75120880171681
NbThermo.00015_54.4,54.4,63.47322935555081
NbThermo.00016_56.5,56.5,68.5089085136548
NbThermo.00017_62.1,62.1,69.07224045374934
NbThermo.00018_78.4,78.4,78.16338973721233
NbThermo.00019_72.3,72.3,65.79543758824568
NbThermo.00020_75.44,75.44,71.42617697962123
NbThermo.00021_73.37,73.37,74.04179365002126
NbThermo.00022_78.98,78.98,69.24863629670195
NbThermo.00023_71.26,71.26,74.98069936138938
NbThermo.00024_98.23,98.23,76.46775691836424
NbThermo.00025_71.07,71.07,74.5154208464401
NbThermo.00026_66.9,66.9,66.1634231247573
NbThermo.00027_67.6,67.6,64.65841237135184
NbThermo.00029_72.8,72.8,70.08009562571588
NbThermo.00030_65.9,65.9,71.30855708252577
NbThermo.00031_74.4,74.4,71.92940502348564
NbThermo.00032_57.9,57.9,64.66360716220184
NbThermo.00033_57.9,57.9,60.74155128159717
NbThermo.00034_49.6,49.6,63.52804330571698
NbThermo.00035_75.6,75.6,68.28443035920563
NbThermo.00036_51.8,51.8,52.88145228219975
NbThermo.00039_54.5,54.5,58.32887558280369
NbThermo.00040_58.0,58.0,62.47097875647556
NbThermo.00041_58.0,58.0,63.93030481587862
NbThermo.00042_53.0,53.0,60.07817544801626
NbThermo.00043_58.0,58.0,57.815432746926255
NbThermo.00044_68.0,68.0,67.70669034831023
NbThermo.00099_69.47366501,69.47366501,66.9438332331405
NbThermo.00114_62.0,62.0,63.24245454474365
NbThermo.00115_68.0,68.0,64.09640892221715
NbThermo.00116/NbThermo.00130_77.85,77.85,77.93341953418036
NbThermo.00117_60.0,60.0,63.9388692795039
NbThermo.00118_84.2,84.2,80.41359715973337
NbThermo.00119_76.2,76.2,76.65336300988008
NbThermo.00120_79.4,79.4,80.13803640615825
NbThermo.00121_82.5,82.5,82.23355789017255
NbThermo.00122_78.4,78.4,79.46178212157314
NbThermo.00123_79.5,79.5,79.58619298158156
NbThermo.00124_70.0,70.0,75.3638184242753
NbThermo.00125_79.9,79.9,74.70670735290803
NbThermo.00126_79.6,79.6,77.39734494656066
NbThermo.00127_72.0,72.0,73.85897421647539
NbThermo.00128_74.3,74.3,72.31348484794384
NbThermo.00129_63.4,63.4,75.33975993160745
NbThermo.00131_51.5,51.5,59.343274374716216
NbThermo.00132_61.9,61.9,63.0798376732164
NbThermo.00134_60.2,60.2,64.21107245826587
NbThermo.00135_87.0,87.0,84.59315849868042
NbThermo.00136_70.0,70.0,67.98522335353242
NbThermo.00137_82.0,82.0,81.69048289622104
NbThermo.00138_65.6,65.6,66.18103075459234
NbThermo.00139_90.0,90.0,87.68613300450019
NbThermo.00140_71.4,71.4,70.14468802821207
NbThermo.00142_90.0,90.0,77.75849157251852
NbThermo.00143_89.0,89.0,75.81626592957922
NbThermo.00145_60.3,60.3,63.927601367656514
NbThermo.00146_75.7,75.7,80.33768850484563
NbThermo.00147_76.2,76.2,70.23943032621916
NbThermo.00148_85.0,85.0,76.6878727391179
NbThermo.00150_61.0,61.0,61.30868343750366
NbThermo.00151_60.0,60.0,60.97142191881127
NbThermo.00152_61.0,61.0,64.45046373903524
NbThermo.00153_59.0,59.0,62.828395697490315
NbThermo.00154_62.0,62.0,61.972187739294476
NbThermo.00155_57.0,57.0,58.124197793107285
NbThermo.00156_60.0,60.0,60.376365588969456
NbThermo.00158_53.0,53.0,53.124991025118945
NbThermo.00159_53.0,53.0,53.194680194825295
NbThermo.00160_57.0,57.0,52.99112659779431
NbThermo.00161_53.0,53.0,54.31911327442653
NbThermo.00162_51.0,51.0,53.83520266063314
NbThermo.00163_53.0,53.0,51.88878978796015
NbThermo.00164_59.0,59.0,63.738136571216224
NbThermo.00165_78.0,78.0,67.03931157164243
NbThermo.00166_67.0,67.0,65.36062083308623
NbThermo.00167_63.0,63.0,67.51074142369187
NbThermo.00168_69.0,69.0,64.97970180549761
NbThermo.00169_70.0,70.0,65.76808578456307
NbThermo.00170_78.0,78.0,71.93185353307396
NbThermo.00171_71.0,71.0,70.80548750872308
NbThermo.00172_69.0,69.0,71.85611535880062
NbThermo.00173_74.0,74.0,70.46769457663481
NbThermo.00174_69.0,69.0,68.71825100243395
NbThermo.00175_70.0,70.0,71.69221826844789
NbThermo.00176_72.0,72.0,71.01444108983463
NbThermo.00177_66.0,66.0,71.62276948972949
NbThermo.00178_79.0,79.0,68.45656498246376
NbThermo.00179_66.0,66.0,59.46260975359863
NbThermo.00180_74.0,74.0,69.62940021384445
NbThermo.00184_66.0,66.0,67.07736052157057
NbThermo.00185_65.0,65.0,68.5757159956369
NbThermo.00186_61.0,61.0,68.99440601508566
NbThermo.00187_69.0,69.0,62.63170591143463
NbThermo.00188_69.0,69.0,58.53655451681791
NbThermo.00189_58.0,58.0,63.04952379500605
NbThermo.00190_49.0,49.0,61.19375722601591
NbThermo.00191_46.0,46.0,58.345122856287944
NbThermo.00192_70.0,70.0,60.1601612028812
NbThermo.00193_65.0,65.0,68.50373135982109
NbThermo.00194_70.0,70.0,69.06645866213286
NbThermo.00195_65.0,65.0,67.19245596362228
NbThermo.00196_64.0,64.0,59.22869364235119
NbThermo.00197_72.0,72.0,64.2279179831761
NbThermo.00198_62.0,62.0,62.35151513934851
NbThermo.00199_43.38,43.38,53.73671855572438
NbThermo.00200_57.47,57.47,49.20559242157003
NbThermo.00201_60.59,60.59,52.236052648426686
NbThermo.00202_60.01,60.01,51.856642282780776
NbThermo.00203_43.08,43.08,50.465980340262426
NbThermo.00204_51.16,51.16,56.95955566110606
NbThermo.00205_48.91,48.91,60.964657022531746
NbThermo.00206_50.74,50.74,47.559730527063614
NbThermo.00207_66.0,66.0,72.25565640848835
NbThermo.00208_52.35,52.35,55.81075406893626
NbThermo.00209_47.25,47.25,50.05218770782852
NbThermo.00210_46.8,46.8,50.92718099352604
NbThermo.00211_47.02,47.02,45.20401240361618
NbThermo.00212_51.0,51.0,64.20387743036002
NbThermo.00213_50.0,50.0,52.24485930981878
NbThermo.00214_75.0,75.0,55.39011898612243
NbThermo.00215_60.0,60.0,64.58878225562415
NbThermo.00216_72.0,72.0,59.40427146713648
NbThermo.00217_54.0,54.0,70.59203859036553
NbThermo.00218_43.0,43.0,58.570034951213664
NbThermo.00219_54.0,54.0,60.99626660142066
NbThermo.00220_67.0,67.0,65.14660652677233
NbThermo.00221_68.0,68.0,58.49040910737734
NbThermo.00222_60.0,60.0,61.87530701080233
NbThermo.00224_60.0,60.0,57.325941866425055
NbThermo.00225_62.0,62.0,54.48260176027892
NbThermo.00226_46.0,46.0,62.70100214029504
NbThermo.00227_61.0,61.0,63.62002291635796
NbThermo.00228_62.0,62.0,64.38876068070067
NbThermo.00229_66.0,66.0,72.04107962902636
NbThermo.00230_65.0,65.0,75.18630114905403
NbThermo.00232_74.0,74.0,77.04150813062404
NbThermo.00233_70.0,70.0,67.94650263991919
NbThermo.00234_85.0,85.0,79.89180173954772
NbThermo.00235_85.0,85.0,80.88708869191976
NbThermo.00236_65.0,65.0,62.84493959085044
NbThermo.00237_65.0,65.0,66.34545042521586
NbThermo.00238_50.75,50.75,69.84151829310396
NbThermo.00239_59.0,59.0,62.710273610163846
NbThermo.00240_60.0,60.0,63.75630121840791
NbThermo.00241_48.0,48.0,65.29809739884607
NbThermo.00242_64.0,64.0,63.05103641119054
NbThermo.00243_63.0,63.0,64.67491168412111
NbThermo.00244_64.0,64.0,62.52381966412642
NbThermo.00245_65.0,65.0,64.47955773348431
NbThermo.00246_66.0,66.0,66.03343849095494
NbThermo.00247_79.1,79.1,77.80586978536758
NbThermo.00248_77.2,77.2,78.46186720534902
NbThermo.00249_81.4,81.4,80.6424204153852
NbThermo.00250_78.5,78.5,79.1910317564178
NbThermo.00251_75.5,75.5,74.80602816998885
NbThermo.00252_76.9,76.9,77.04521773954842
NbThermo.00253_76.5,76.5,78.39360732442105
NbThermo.00254_77.4,77.4,78.86451198110748
NbThermo.00255_77.6,77.6,76.55338387997143
NbThermo.00256_77.5,77.5,76.34216742187135
NbThermo.00257_70.8,70.8,78.91154732115932
NbThermo.00258_74.9,74.9,76.33094276081373
NbThermo.00259_78.1,78.1,76.06247058821756
NbThermo.00260_74.0,74.0,76.00804546051265
NbThermo.00261_76.0,76.0,77.41121035847083
NbThermo.00262_73.4,73.4,78.66054721342394
NbThermo.00263_77.3,77.3,77.75082291190391
NbThermo.00264_74.0,74.0,76.44051825709607
NbThermo.00265_80.0,80.0,78.61666039728799
NbThermo.00266_79.7,79.7,80.60267429525841
NbThermo.00267_79.0,79.0,79.70751303734208
NbThermo.00268_81.0,81.0,78.83461236686702
NbThermo.00269_81.6,81.6,81.18941082642837
NbThermo.00270_78.5,78.5,77.89435722953922
NbThermo.00271_80.9,80.9,80.1856998285771
NbThermo.00272_81.3,81.3,81.47122492623464
NbThermo.00273_78.5,78.5,79.03232667614674
NbThermo.00274_81.4,81.4,80.28218918503268
NbThermo.00275_81.9,81.9,82.00995914626913
NbThermo.00276_77.0,77.0,77.10781750957979
NbThermo.00277_81.3,81.3,79.4904804109531
NbThermo.00278_81.5,81.5,80.05234953549754
NbThermo.00280_74.0,74.0,69.88132897469147
NbThermo.00281_75.0,75.0,72.3157320721659
NbThermo.00282_74.0,74.0,74.26018661362961
NbThermo.00283_95.0,95.0,73.1646512957737
NbThermo.00284_70.0,70.0,73.07926481116814
NbThermo.00285_74.0,74.0,72.07301001869048
NbThermo.00286_73.7,73.7,74.60977393143868
NbThermo.00287_75.6,75.6,65.77235793733664
NbThermo.00288_70.5,70.5,73.04998290418436
NbThermo.00289_63.9,63.9,71.58791607947205
NbThermo.00290_70.95,70.95,69.7861641406725
NbThermo.00291_73.8,73.8,69.68120526242598
NbThermo.00292_71.94,71.94,71.95437768848814
NbThermo.00293_56.0,56.0,53.662081445536586
NbThermo.00294_52.0,52.0,51.00564031059162
NbThermo.00295_49.0,49.0,53.698219575067824
NbThermo.00296_64.0,64.0,63.579766496505286
NbThermo.00297_62.0,62.0,62.40492393127347
NbThermo.00298_62.0,62.0,59.263494130693275
NbThermo.00299_74.5,74.5,68.39193169519848
NbThermo.00300_70.3,70.3,72.35666222654375
NbThermo.00301_57.8,57.8,62.650277601359896
NbThermo.00302_67.0,67.0,65.53867882009165
NbThermo.00303_60.7,60.7,64.43001880840811
NbThermo.00304_69.6,69.6,68.8409271442669
NbThermo.00305_71.6,71.6,71.15698607147107
NbThermo.00306_79.8,79.8,76.07803215136718
NbThermo.00307_67.2,67.2,66.46636637096941
NbThermo.00308_61.6,61.6,63.59080026449196
NbThermo.00309_68.6,68.6,64.83231117719971
NbThermo.00310_65.2,65.2,65.16487612246296
NbThermo.00311_67.5,67.5,67.28010090329128
NbThermo.00312_66.1,66.1,67.6570035975248
NbThermo.00313_66.5,66.5,69.29557164075055
NbThermo.00314_70.9,70.9,68.02549772601729
NbThermo.00315_66.8,66.8,67.97347829096657
NbThermo.00316_68.1,68.1,69.03556505537074
NbThermo.00317_78.0,78.0,74.02239951899939
NbThermo.00318_73.2,73.2,76.59809633954703
NbThermo.00319_78.6,78.6,74.37082875179095
NbThermo.00320_76.0,76.0,77.9225609294172
NbThermo.00321_80.9,80.9,78.18562749935924
NbThermo.00322_63.3,63.3,65.04502815385682
NbThermo.00323_60.9,60.9,64.03241645852108
NbThermo.00324_64.7,64.7,66.84101621210965
NbThermo.00325_70.4,70.4,68.24402085429114
NbThermo.00326_58.0,58.0,63.52522871259654
NbThermo.00327_67.0,67.0,59.890813305995536
NbThermo.00328_57.0,57.0,59.0726238480345
NbThermo.00329_60.0,60.0,61.19362830678754
NbThermo.00330_60.0,60.0,65.40624822318
NbThermo.00331/NbThermo.00342_75.5,75.5,68.63315164002717
NbThermo.00332/NbThermo.00343_68.0,68.0,71.5528609905897
NbThermo.00333/NbThermo.00344_71.5,71.5,67.96287390643002
NbThermo.00334/NbThermo.00345_70.0,70.0,66.61239928059996
NbThermo.00335/NbThermo.00346_58.5,58.5,56.918379065502535
NbThermo.00336/NbThermo.00347_56.0,56.0,57.92936913033831
NbThermo.00337/NbThermo.00348_55.5,55.5,56.50603983723175
NbThermo.00338/NbThermo.00349_57.0,57.0,54.7728343857455
NbThermo.00339/NbThermo.00350_53.5,53.5,56.07476543285479
NbThermo.00340/NbThermo.00351_46.0,46.0,56.43720189149809
NbThermo.00341_62.0,62.0,59.363688691775934
NbThermo.00352_54.0,54.0,59.34672911290185
NbThermo.00353_71.0,71.0,62.2163891504301
NbThermo.00354_59.0,59.0,65.1682072866525
NbThermo.00355_55.0,55.0,61.53666239162512
NbThermo.00356_71.0,71.0,72.90793047140765
NbThermo.00357/NbThermo.00428_73.0,73.0,67.31450656776907
NbThermo.00358_55.0,55.0,63.48464858515809
NbThermo.00359_47.0,47.0,57.43986705325913
NbThermo.00360_70.0,70.0,71.12296459173551
NbThermo.00361_72.0,72.0,70.16186614230337
NbThermo.00362_59.0,59.0,60.90514054525607
NbThermo.00363_71.0,71.0,69.84391381619069
NbThermo.00364_63.0,63.0,64.9477749665135
NbThermo.00365_85.0,85.0,84.02896177266145
NbThermo.00366_84.0,84.0,81.7876975152999
NbThermo.00367_85.0,85.0,81.20092150252802
NbThermo.00368_83.0,83.0,81.9208681445779
NbThermo.00369_82.0,82.0,83.06066500524125
NbThermo.00370_84.0,84.0,81.46351010869493
NbThermo.00371_74.0,74.0,81.9137706556689
NbThermo.00373_84.0,84.0,82.46365417677418
NbThermo.00374_75.0,75.0,77.20319118658944
NbThermo.00375_84.0,84.0,82.31643144780102
NbThermo.00376_73.0,73.0,82.07084018169499
NbThermo.00377_78.0,78.0,81.78156436845946
NbThermo.00378_76.0,76.0,79.03070741149747
NbThermo.00379_76.0,76.0,78.96527492099207
NbThermo.00380_76.0,76.0,79.7077519104006
NbThermo.00381_80.0,80.0,82.70222300567127
NbThermo.00382_79.0,79.0,82.05581681555864
NbThermo.00383_77.0,77.0,67.79459511034145
NbThermo.00384_67.0,67.0,67.04752760912332
NbThermo.00385_61.0,61.0,68.85529623975819
NbThermo.00386_63.0,63.0,65.11483050308573
NbThermo.00387_53.0,53.0,64.42889994403053
NbThermo.00388_58.0,58.0,58.24531289840267
NbThermo.00389_67.0,67.0,63.87533884470758
NbThermo.00390_66.0,66.0,65.49964658825284
NbThermo.00391_53.0,53.0,66.28825673281938
NbThermo.00392_62.0,62.0,62.100159358960425
NbThermo.00393_57.0,57.0,65.02442475913644
NbThermo.00394_63.0,63.0,68.63744212644954
NbThermo.00395_72.0,72.0,76.3182494946238
NbThermo.00396_64.0,64.0,67.17825080636473
NbThermo.00397_64.0,64.0,66.66069851617902
NbThermo.00398_72.0,72.0,73.43331661968848
NbThermo.00399_80.0,80.0,73.43876023953638
NbThermo.00400_57.0,57.0,65.13431589164671
NbThermo.00401_58.0,58.0,58.999017938593994
NbThermo.00402_63.0,63.0,63.849179410234974
NbThermo.00403_69.0,69.0,68.85628900328932
NbThermo.00404_63.0,63.0,61.78502673102243
NbThermo.00405_68.0,68.0,63.68438079320785
NbThermo.00406_62.0,62.0,63.54816280357926
NbThermo.00407_60.0,60.0,61.358505663990655
NbThermo.00408_60.0,60.0,57.66977347742933
NbThermo.00409_57.0,57.0,60.66526374428663
NbThermo.00410_61.0,61.0,63.901301659529395
NbThermo.00411_80.0,80.0,74.50595941544593
NbThermo.00412_56.0,56.0,61.18264825493848
NbThermo.00413_60.0,60.0,63.7538522862806
NbThermo.00414_61.0,61.0,60.1204547659865
NbThermo.00415_71.0,71.0,68.24454733752414
NbThermo.00416_79.0,79.0,69.25757029359937
NbThermo.00417_75.0,75.0,77.3498123589724
NbThermo.00418_57.0,57.0,64.94764221569578
NbThermo.00419_70.0,70.0,63.24692382662096
NbThermo.00420_62.0,62.0,64.2351320036434
NbThermo.00421_60.0,60.0,61.40759229152014
NbThermo.00422_59.0,59.0,62.024960132233105
NbThermo.00423_81.0,81.0,81.45541389488073
NbThermo.00424_81.0,81.0,79.42221470554121
NbThermo.00425_86.0,86.0,81.44882961098364
NbThermo.00426_87.0,87.0,90.46426885868684
NbThermo.00427_85.0,85.0,84.594670184433
NbThermo.00429/NbThermo.00430_80.5,80.5,72.42530212724957
NbThermo.00431_76.0,76.0,75.37787071624038
NbThermo.00432/NbThermo.00433_81.5,81.5,80.13472772238494
NbThermo.00434_89.0,89.0,86.36539472843803
NbThermo.00435_89.0,89.0,83.93203527343155
NbThermo.00436_88.0,88.0,84.57254243584691
NbThermo.00437_48.0,48.0,60.26553672198006
NbThermo.00438_68.0,68.0,64.77830960322238
NbThermo.00439_70.0,70.0,72.5899158483639
NbThermo.00440_65.0,65.0,70.28903211721222
NbThermo.00441_71.0,71.0,74.057336546371
NbThermo.00442_66.0,66.0,65.51339208262121
NbThermo.00443_75.0,75.0,79.69314395227741
NbThermo.00444_46.0,46.0,55.297808048281425
NbThermo.00445_65.0,65.0,58.80738004722833
NbThermo.00446_71.0,71.0,70.06785619248308
NbThermo.00447_73.0,73.0,75.02326904872079
NbThermo.00448_86.0,86.0,78.5147926048507
NbThermo.00449_60.0,60.0,64.53757400112755
NbThermo.00450_66.0,66.0,63.16297324585048
NbThermo.00451_75.0,75.0,71.58788896930184
NbThermo.00452_65.0,65.0,57.103832212336116
NbThermo.00453_58.0,58.0,57.7086412108555
NbThermo.00454_74.0,74.0,72.64876275000698
NbThermo.00455_55.0,55.0,57.21282739472626
NbThermo.00456_53.0,53.0,57.20952793844242
NbThermo.00457_65.0,65.0,66.61667263145614
NbThermo.00458_58.0,58.0,63.0350775283036
NbThermo.00459_50.0,50.0,51.426126980723836
NbThermo.00460_50.0,50.0,50.404541236452545
NbThermo.00461_74.0,74.0,70.98690522516067
NbThermo.00462_70.0,70.0,68.39766406924304
NbThermo.00463_60.0,60.0,64.30891637823906
NbThermo.00464_77.0,77.0,72.29088862361425
NbThermo.00465_62.0,62.0,66.76851580670395
NbThermo.00466_65.0,65.0,66.4546258659952
NbThermo.00467_77.0,77.0,80.75041115859034
NbThermo.00468_75.0,75.0,72.93758548241931
NbThermo.00469_68.0,68.0,67.86687212651526
NbThermo.00470_78.0,78.0,67.37083667209846
NbThermo.00471_64.0,64.0,65.4051850982957
NbThermo.00472_68.0,68.0,71.27874272048538
NbThermo.00473_65.0,65.0,65.76443748392332
NbThermo.00474_59.0,59.0,59.450630816878885
NbThermo.00475/NbThermo.00476_52.5,52.5,57.140524979226484
NbThermo.00477_65.0,65.0,62.55969062266627
NbThermo.00478_55.0,55.0,61.313617403275295
NbThermo.00479_61.0,61.0,57.2014561084966
NbThermo.00480_59.0,59.0,56.26648629724854
NbThermo.00481_80.7,80.7,81.19679777463313
NbThermo.00482_81.7,81.7,80.48342292756425
NbThermo.00483_80.7,80.7,81.01463868245108
NbThermo.00484_81.9,81.9,81.97544028029972
NbThermo.00489_55.0,55.0,55.57204600525634
NbThermo.00490_57.0,57.0,55.79897122807
NbThermo.00492_64.1,64.1,65.70161097664612
NbThermo.00493_60.1,60.1,51.666570618158445
NbThermo.00494_66.7,66.7,73.67600086968775
NbThermo.00495_84.7,84.7,72.06528202210073
NbThermo.00496_73.1,73.1,74.51651271283278
NbThermo.00497_75.1,75.1,71.9799889572989
NbThermo.00498_72.4,72.4,67.42502482730717
NbThermo.00499_74.6,74.6,71.34559695454294
NbThermo.00500_77.2,77.2,78.53208719316846
NbThermo.00501_93.6,93.6,79.28133999997395
NbThermo.00502_84.7,84.7,81.47820757337665
NbThermo.00503_78.8,78.8,80.66620185830078
NbThermo.00504_79.1,79.1,73.37791993894737
NbThermo.00505_80.1,80.1,80.42603725727186
NbThermo.00506_85.3,85.3,82.517253937536
NbThermo.00508_58.0,58.0,57.55098472422
NbThermo.00509_58.0,58.0,59.624233901929024
NbThermo.00510_61.0,61.0,59.487129943791736
NbThermo.00511_55.0,55.0,56.56039679641938
NbThermo.00512_56.0,56.0,57.597873366040986
NbThermo.00513_67.0,67.0,63.93005174182555
NbThermo.00514_56.0,56.0,58.08070657702758
NbThermo.00515_58.0,58.0,57.3506372480201
NbThermo.00516_60.0,60.0,57.955902417687255
NbThermo.00517_71.0,71.0,67.84900514955297
NbThermo.00518_71.0,71.0,69.0437492940419
NbThermo.00519_65.0,65.0,70.17298438748028
bioGUNE/WT_60.16,60.16,50.25914672203288
bioGUNE/V80A_58.1,58.1,49.38543318474656
bioGUNE/I71A_49.78,49.78,48.56131433511578
bioGUNE/L21A_40.66,40.66,48.655249343525284
bioGUNE/C21A/C90A_39.4,39.4,35.518101380844115
bioGUNE/C21A_37.1,37.1,37.585007607789095
bioGUNE/L82A_35.66,35.66,34.116466468600876
bioGUNE/C21G_34.05,34.05,38.370196585058096
bioGUNE/L82A/S7C_33.41,33.41,38.0279795932726
bioGUNE/C21G/C90A_33.17,33.17,39.61406462380654
bioGUNE/L82A/A74C_33.12,33.12,30.792069584909036
bioGUNE/C21G/C90M_32.6,32.6,33.772329816388385
bioGUNE/C21G/C90W_32.31,32.31,37.7922336981076
bioGUNE/C21A/C90M_32.3,32.3,35.27900666651003
bioGUNE/L82A/D72C_32.16,32.16,37.012430180376626
bioGUNE/C21S/C90S_32.13,32.13,40.551921791315685
bioGUNE/L82A/K75C_32.03,32.03,35.82686355419026
bioGUNE/L82A/Q105C_29.6,29.6,35.25820612915058
bioGUNE/W37A_26.64,26.64,47.28049982629529
H11-D4_67.6,67.6,67.16558347168773
H11-D4/T111H_67.1,67.1,67.30145017712256
H11-D4/Y88P/T111H_71.7,71.7,72.22230668027615
H11-D4/Y88P/W112I_73.7,73.7,72.73946155435293
H11-D4/Y88P/T111H/W112I_73.25,73.25,72.49120611844681
H11-H4_63.6,63.6,63.56326279020944
H11-H4/Y88P_69.6,69.6,69.91777899853288
H11-H4/T111H_63.2,63.2,64.95658358720489
H11-H4/Y88P/T111H_69.45,69.45,70.14521866426888
H11-H4/Y88P/L106P/T111H_70.2,70.2,68.89366582415992
Nb.B201_WT_70.1,70.1,73.22487476919501
Nb.B201_A31D_72.65,72.65,75.65835727898526
Nb.B201_H53P_70.45,70.45,74.30221401534924
Nb.B201_H53R_71.3,71.3,72.01229497151422
Nb.B201_T55D_76.6,76.6,75.73682816519779
Nb.B201_T55G_80.65,80.65,78.63113451149346
Nb.B201_T100K_74.65,74.65,74.20537214813136
Nb.B201_T100R_73.1,73.1,74.10770264460284
Nb.B201_A31D/T55D_78.5,78.5,77.87649999493881
Nb.B201_A31D/T55G_82.9,82.9,80.14081064188386
Nb.B201_H53P/T55G_80.4,80.4,77.05751662818452
Nb.B201_A31D/H53P/T55G_82.0,82.0,79.10893242910444
Nb.B201_A31D/H53P/T55G/T100K_83.7,83.7,79.83237845617606
