id,tm,SVR_esm1b,SVR_esm2_t30,GPR_vhse,GPR_onehot
6IBB_72.12,72.12,75.86643514745303,76.80628195085482,71.53193131142555,67.4994007643779
5MP2_70.27,70.27,68.27828634836918,71.33315702784947,79.01310895489046,73.06128313351253
6XW6_66.07,66.07,69.35722317812126,59.23240778195609,68.42881221182998,70.16337684937997
7BC6_63.0,63.0,67.69934912367624,67.38615575624439,69.63742201530567,67.75043120491236
5MY6_74.28,74.28,69.24355002190329,65.78873051239256,55.27060409254456,64.88864840718595
6SC5_65.24,65.24,61.15054522226202,62.893807202025776,71.54377534536621,68.35923625380391
6RTW_64.21,64.21,63.70068519848999,64.74418602930768,72.60370318318105,67.76507390531556
1ZVY_65.1,65.1,59.76879568025145,61.211418206483074,62.18702247115651,65.58396045012995
7DSS_67.53,67.53,65.47873810825106,68.92909558509713,70.50733732818973,65.03103409525481
7AZB_59.91,59.91,58.14669729300189,55.63470896075975,57.494120061651344,61.23527622988397
5IP4_63.24,63.24,61.03604755673715,60.96438330213829,59.62959457376989,64.07657891991248
3K81_64.1,64.1,67.09375210487315,58.57163705060337,69.30566152739142,66.78732359130112
3QXV_67.24,67.24,68.53788387031172,70.30343206027636,66.48601956593605,70.28233941186596
6RL7_72.09,72.09,70.89723835661115,64.31761660446995,63.16883823479203,69.0482981419813
5L21_66.86,66.86,64.64813596727643,64.68396422218838,64.10531814829312,63.11083616245802
6DBD_65.6,65.6,60.990797208681855,62.272453174345344,57.78097614836752,61.47100147531312
7NQA_65.87,65.87,68.15851536205278,65.38136659370423,64.49164335725091,66.33776917226248
6UI1_67.83,67.83,64.11368243848963,65.05426519781254,66.6549508978172,61.56133334555733
6X05_66.67,66.67,62.17048785502138,65.13823929454112,65.30179678677298,64.80944789806811
7B27_65.74,65.74,61.07787619835506,63.85776064379327,65.88327791714333,65.0786451089076
1BZQ/NbThermo.00491_70.11,70.11,65.39261796932095,73.60903796878814,75.66792205013911,64.906917369263
1JTO/NbThermo.00112_67.01,67.01,61.204310247211176,59.101495965336,58.271230458113855,58.8177962313162
1KXT_57.85,57.85,65.94931729209452,67.60868237990597,60.90964893149786,71.28206859680652
1KXV_56.99,56.99,66.2305080531836,60.04643228130492,65.28704296350404,63.927936102855185
1QD0_66.56,66.56,64.55179316772312,63.12959268971037,62.35921935269592,61.066180536312174
1RI8_78.14,78.14,70.65738246649768,59.066680504552856,73.93423001218011,67.65651390090727
2BSE_75.23,75.23,74.29591355259699,80.24931824306671,70.44800762002642,69.21766591228656
2X6M_67.13,67.13,68.7247572956933,70.10121817506621,67.18145216302909,76.20633054251718
3DWT/NbThermo.00113/NbThermo.00133_77.72,77.72,79.59279099198375,77.12086926028647,78.42034708864188,78.59063735061206
3EBA_86.21,86.21,83.04437781308714,82.36423767953079,82.768373716176,79.21819761618951
3G9A_66.55,66.55,70.24321825592826,64.5214773536098,63.75663703450129,67.90873486374795
3J69_66.03,66.03,63.90298825277965,67.880059843787,67.55464229844856,64.55693642378077
3J6A_69.02,69.02,68.03328874641569,66.53048046438843,65.24433478571096,71.6906352173064
3P9W_60.0,60.0,66.91702554977863,68.74392136876457,64.56416585851676,69.33449782864759
3SN6_60.26,60.26,65.00305108507672,63.30585610806476,55.3594477054832,63.71936087741471
4B5E_61.66,61.66,71.91303987697074,68.18491719901301,63.71651683252431,67.50068261663073
4C57_63.78,63.78,61.91830329954212,58.32732502527858,53.14867483632855,60.20351271121835
4I0C_75.79,75.79,66.17422084288073,67.20734070605839,75.97002194540616,72.12361664943491
4I13_65.39,65.39,68.18923148635544,67.78558415772746,71.82972914152691,64.26501033167835
4IDL_53.76,53.76,62.64742923235859,56.249258069055536,64.11108079150645,68.12562757291734
4LJP_71.72,71.72,72.1160125960476,67.55641047755732,67.88127033667888,73.10379276046123
4LJS_72.49,72.49,67.82549516755924,70.97616930585909,65.09864948362774,67.54982211626248
4QGY_74.65,74.65,74.81569335779923,76.56764023303931,68.47748684852081,73.75865433464783
4YGA_73.41,73.41,72.149878922901,71.93417350243647,63.67366945827486,68.8700028395679
4Z9K/NbThermo.00231_73.49,73.49,70.5004417889686,74.20687566829329,72.53518263535315,66.89204946380157
5C1M_61.35,61.35,64.24444747402029,63.93339743543662,66.96237003727168,63.860355493110944
5FOJ_70.81,70.81,71.79094350320594,69.26541932881189,65.80447859156136,70.65402000144077
5J56_73.74,73.74,72.93616658767462,71.2477199334655,66.59153061550788,69.40063441960687
5KU2_55.16,55.16,62.980773415901865,64.72270201355636,68.84427623305054,67.7762317797442
5M2M_74.98,74.98,69.93765301875594,67.93793607215214,66.4731328509642,70.83950958654795
5NM0_72.73,72.73,65.19639518463347,68.75744873602375,72.00453891686556,68.11575009799495
5O03_69.2,69.2,67.66545166827865,65.29950644257544,65.43566600403456,68.56642535119221
5OCL_71.69,71.69,69.03409500742706,68.9476945975424,63.06974650625797,67.0450329793277
5OVW_76.47,76.47,67.95567920350878,69.10216882477864,80.13373825302075,76.7606788387055
5TD8_66.55,66.55,63.99605874365552,68.25963998910856,63.70508986501199,71.90234631458301
5TJW_66.25,66.25,67.67418776252264,61.31929950157406,68.1019646663812,68.72205397645904
5U64_73.39,73.39,70.8826036818388,64.3192354198516,60.62330931919755,62.84386958450614
5VLV_69.62,69.62,63.70137201037288,64.08036930949085,67.92466792645364,69.09188590041893
5VM4_72.93,72.93,64.59660802080904,61.56479176110935,60.66373834158959,60.47090742675116
5VXK_65.75,65.75,74.81961014316376,65.72978780673205,69.72502231856703,73.3293656389225
6CK8_66.66,66.66,67.32574305532987,68.99415405633856,63.06810433558428,64.97248920890667
6EQI_62.47,62.47,64.24047347264599,68.29861440280207,68.74980867613945,75.64910587643301
6FYU_64.58,64.58,62.93171468788931,64.71697120794917,66.63580478133471,65.98034331429112
6GWN_64.42,64.42,68.74638486797231,68.06512920276003,67.98909766602911,65.9805827065138
6HEQ_60.61,60.61,63.96394009810609,66.92881956382314,64.27777825762487,65.7163242476626
6HHU_70.29,70.29,69.20942113350081,70.3567347748625,76.33426608039365,68.36139337216125
6I2G_61.03,61.03,64.98116438314345,68.56207915175612,65.05497537335374,66.05573247889755
6I8H_66.04,66.04,68.51500230638315,59.41865459977179,68.08933495436114,68.7038814040026
6ITP_68.38,68.38,64.18438688808106,58.63187996980697,60.67331689442003,63.26947394299382
6KNM_69.42,69.42,69.08512804591273,69.09786385286394,71.4932374896054,67.49542768669319
6KSN_63.03,63.03,75.61636309265128,77.7012602024831,73.33975102768021,74.99302969810178
6OBC_64.04,64.04,65.28677610190414,61.60098801195122,67.41518496500203,65.89284469890083
6OQ5_65.81,65.81,62.8466965169668,63.48482748972539,60.8633761205438,64.32437435453826
6OS1_71.54,71.54,69.04945537026018,67.75318947247574,69.7778617671782,69.66688864681004
6QKD_69.2,69.2,76.6398179782195,67.06235832611148,71.12922845971065,66.54251091049854
6QV1_63.83,63.83,61.0414664479747,68.26416749224755,63.69360346300722,61.82338198464474
6RAF_86.19,86.19,71.30375152775265,75.44097041932963,73.85597077350822,65.50039384859917
6U12_61.28,61.28,65.06504819553159,65.18952860118962,62.95109016367369,65.27608478579482
6U50_57.07,57.07,59.73031791353395,61.05599847901936,54.9618209724156,56.26979217682482
6U53_65.19,65.19,62.19156303032403,62.61953562865452,63.69706830874172,62.564986911984455
6X02_76.46,76.46,70.94708264314143,70.03701989211426,71.5279130631061,69.63909949233597
6X03_66.97,66.97,70.66729531228971,69.51304743483138,66.55025357533935,66.73579651757328
6XXN_80.66,80.66,69.24001336172907,67.87992094276301,76.0187949964719,69.83515882268993
7B18_66.14,66.14,65.08920726197807,70.38321584843177,68.3666732252944,64.30516521748063
7E9G_59.28,59.28,55.72165497053052,52.935261711535965,66.68723131866902,70.89023892793013
7JVB/NbThermo.00028_72.91,72.91,71.32935785172425,72.26097438368635,73.5573431855271,70.79467377775411
7KBI_63.45,63.45,65.53773324818707,66.34789617172001,64.85963455371093,64.53365030160525
7MJH_59.64,59.64,65.70220487143361,63.4786180129739,58.99663352257711,59.82573667255466
7MY3_60.89,60.89,64.12163538769522,60.34408226539355,73.2169430149552,75.96614028381089
7NQK_66.46,66.46,76.44185401812855,69.61229157377046,68.66581600469416,68.3062445801869
7OAN_67.55,67.55,68.54239011137047,68.59262224725082,67.24959468015261,67.96120428024308
7OAP_69.0,69.0,69.23046708927167,68.73560700030708,76.2611299682675,69.31649574012468
7OLZ_68.79,68.79,65.5697881894132,69.29768713170321,74.13592823385925,72.37961688763403
sdAb.4875_84.2,84.2,72.63445236185343,72.51314716676828,73.97624602280617,71.18499443727076
7KGJ_61.6,61.6,65.52480609089609,68.9201024725932,64.84276563157911,65.32840333103972
NbPep1/NbThermo.00045_71.86,71.86,66.52519316443649,74.1326965326656,76.63199603807686,72.98931967112959
NbPep2/NbThermo.00046_76.13,76.13,73.54821292628094,74.42017145101786,66.97845325806074,66.9959714405704
NbD1/NbThermo.00047_65.94,65.94,69.08301303870579,65.16064215338565,63.08522785996042,68.3560796875306
NbPep3/NbThermo.00048_60.68,60.68,58.79634886350474,63.67762998082002,63.15291332682202,64.79669461967308
NbPep4/NbThermo.00049_67.33,67.33,69.25804812316044,70.9942576522234,65.25823294378202,65.56590929476741
NbD9/NbThermo.00050_63.12,63.12,65.70461300728378,63.51945484403555,63.731496428287166,65.03860783128997
NbD8/NbThermo.00051_57.2,57.2,59.87499432799636,60.18976608723568,70.6450258484082,68.30828011396079
NbPep5/NbThermo.00052_70.44,70.44,64.890966989679,64.54780484206195,69.50658264118533,62.13860647016976
NbPep7/NbThermo.00054_68.49,68.49,67.5508945406849,69.13156398103193,77.89565747110834,68.34777872850785
NbD6/NbThermo.00056_70.75,70.75,67.00537750897058,67.86289369928515,65.9924902426244,65.00886478789032
NbPep9/NbThermo.00057_72.41,72.41,64.5484954935613,65.03377829337973,67.50306254441332,67.41839282190091
NbPep13/NbThermo.00061_69.19,69.19,69.09300094239597,62.21582628089294,74.72983988104829,70.30413454709178
NbPep14/NbThermo.00062_72.02,72.02,68.65279550806159,66.9496970991637,71.79174213298529,71.1271566813852
NbPep15/NbThermo.00063_67.08,67.08,67.60095250733826,68.27139982435375,64.60893085485517,68.28603819648856
NbPep16/NbThermo.00064_74.44,74.44,70.72118310263197,69.58188828251878,70.70355990605974,69.42332534260747
NbPep17/NbThermo.00065_71.28,71.28,70.57453709445355,70.61647241324505,66.43246766924132,66.17206003538179
NbPep18/NbThermo.00066_70.65,70.65,68.30521309078503,68.32638449762453,64.63278970450179,68.16103523089215
NbD4/NbThermo.00069_57.46,57.46,53.96253123494147,52.880706170232735,58.866384237759554,58.703795770091
NbD3/NbThermo.00085_68.48,68.48,67.76688830693993,68.52432833046372,66.67902743262785,71.34680280204083
NbD2/NbThermo.00086_66.53,66.53,62.72490589448012,64.20650187393929,66.31378432191849,65.15545894793702
NbD5/NbThermo.00087_58.19,58.19,66.56881694636897,69.18312384628948,64.68088154910775,66.00969259224154
NbPep47/NbThermo.00095_67.06,67.06,61.09436356799795,63.02755455511415,63.36149989916965,66.61554697285065
NbPep50/NbThermo.00096_62.39,62.39,65.31756395626473,65.35442761289673,74.8485999493204,69.13992335629155
NbPep51/NbThermo.00097_72.45,72.45,66.9069275480993,62.98666257093548,68.51266622475787,65.37216398289664
NbPep52/NbThermo.00098_59.0,59.0,64.91986031355539,65.04748401607301,65.3593363396003,63.026883739556595
NbPep10/NbThermo.00058_84.58,84.58,69.27070382991467,66.13438984440899,70.37509700726675,70.69054253869709
NbPep11/NbThermo.00059_68.0,68.0,70.33441726499545,70.29439636652322,65.68490612715861,63.60303932236527
NbPep12/NbThermo.00060_68.57,68.57,72.28554652192568,66.0721436062797,67.51954034005561,68.13649330598251
NbPep19/NbThermo.00067_71.43,71.43,66.76968838743221,68.86610256354297,65.49918753825695,69.60924595274592
NbD12/NbThermo.00070_61.46,61.46,63.20481746169385,61.920553549794505,67.44173416102399,63.42550964367556
NbPep21/NbThermo.00071_68.73,68.73,71.20074960037422,70.20445101274602,60.656560004612935,68.36045314503312
NbPep22/NbThermo.00072_69.54,69.54,71.46810153081864,71.15672195996335,76.65288471469164,69.02134693107477
NbPep23/NbThermo.00073_69.63,69.63,68.13228720445876,67.61349047676852,72.91963855983026,68.96802827870502
NbPep24/NbThermo.00074_76.09,76.09,69.13792135515088,66.85984668209264,70.00602252123751,70.14760737992772
NbPep25/NbThermo.00075_68.33,68.33,67.79408367567692,72.40451900231864,70.13280415889865,73.92130108927738
NbD10/NbThermo.00076_59.54,59.54,63.72056744906124,64.19077927564744,61.64997723507732,62.3321791300515
NbPep26/NbThermo.00077_72.88,72.88,73.29168158509097,78.08200756374792,68.8170452574819,73.80288721330645
NbPep27/NbThermo.00078_85.8,85.8,70.07446300083106,69.73052874564381,67.75740230370158,70.1869313059657
NbPep28/NbThermo.00079_63.9,63.9,70.08778598949004,67.83612660633345,68.50554630007632,67.02243995522065
NbPep29/NbThermo.00080_55.1,55.1,66.67066267351859,65.78485578908999,65.79805599515353,70.08071120969998
NbPep30/NbThermo.00081_75.95,75.95,65.85232352542575,64.5706409671099,67.3543809975111,66.28194666629082
NbPep31/NbThermo.00082_62.82,62.82,65.69878113394596,61.61607694792057,59.95947856511144,64.59975835524446
NbPep32/NbThermo.00083_58.85,58.85,69.19064204905985,62.99536281275611,64.27009493112858,65.55762386367473
NbPep33/NbThermo.00084_74.37,74.37,70.96623200510602,70.70915972134446,70.57001532813081,69.77707138416417
NbD11/NbThermo.00088_60.24,60.24,76.33176085807007,69.64721764990325,70.01942804916021,68.67292084966537
NbPep34/NbThermo.00089_71.37,71.37,66.33067614711184,63.75976516712003,63.44462185838117,61.52098331052835
NbPep35/NbThermo.00090_70.51,70.51,66.29654854096188,63.39361302471907,67.30609379040571,65.6011503687274
NbPep36/NbThermo.00091_74.55,74.55,70.50991252532532,70.58275481882234,74.89269602959524,72.54650101517684
NbPep37/NbThermo.00092_72.37,72.37,69.11146557144538,63.564596103368,67.2361794361973,67.44431513128416
NbPep38/NbThermo.00093_79.74,79.74,67.12677433585326,67.00171486390141,70.93977088195825,72.96469097088469
NbPep39/NbThermo.00094_76.28,76.28,64.4599356980784,64.2709035297548,70.16369713958419,65.26793926629234
NbPep55/NbThermo.00101_75.68,75.68,74.59819334814898,75.07196961472738,74.29753713125695,72.25853299878615
NbPep57/NbThermo.00103_71.72,71.72,64.58018124850346,67.23967159974356,71.81013072643802,63.91692369871327
NbPep60/NbThermo.00104_79.41,79.41,70.43704643264441,67.50808286519457,66.03527180064042,67.62078904676089
NbPep61/NbThermo.00105_74.55,74.55,63.41969288235423,60.76752069897847,62.05704424297748,64.95041326495999
NbPep62/NbThermo.00106_74.65,74.65,74.92735298322798,72.67869791081806,74.57766448793312,71.9663513696033
NbPep64/NbThermo.00107_74.55,74.55,66.4871893689257,73.62287535800733,74.82554047711324,73.16355540068314
NbPep65/NbThermo.00108_73.88,73.88,75.05657818851779,68.8280952085357,68.71430679053316,68.66265965979927
NbPep66/NbThermo.00109_66.96,66.96,66.51220064367514,66.72726618817721,67.09994191983444,69.1603179790113
NbPep67_59.64,59.64,68.31650942265583,69.39522075173234,69.90481391989383,68.67423478583036
NbPep68/NbThermo.00110_68.23,68.23,69.79810891007516,66.57197697172579,76.41844840926497,73.18636636443782
NbPep69/NbThermo.00111_63.57,63.57,61.45913486983122,59.236555781608445,60.67373716557076,62.13745139080026
NbPep54/NbThermo.00100_76.58,76.58,65.71237781360982,68.98027913789353,67.7956132646208,65.45714057991694
NbPep56/NbThermo.00102_74.08,74.08,67.52254323970016,65.21986134556893,68.51327556868226,67.72697894841752
1.1yc7/NbThermo.00141/NbThermo.00149_70.94,70.94,77.2800556648142,74.0085279741243,65.8939031905382,80.28477481856024
2.4u05/NbThermo.00372_83.44,83.44,81.27568921551979,80.38002544192555,82.87803073390532,78.73476364158861
3.6ul4_70.59,70.59,64.68780327786254,56.2195685116951,75.26010835660153,69.04828739706937
4.Nb24_64.97,64.97,54.63789820246885,57.34317441509326,57.9648640124656,67.71312207274268
5.Nb24.H_68.38,68.38,72.29769324161356,71.66714142397832,65.70250847232332,68.8873822329487
6.Nb24.HR_72.1,72.1,70.06051797160066,70.06842661322158,70.97411074095118,70.38404699327631
7.Nb24.B_69.74,69.74,72.6994062993204,72.28278728889525,72.1426170868758,70.03386752885348
8.Nb24.BR_75.84,75.84,71.31812876325671,69.9873793196252,68.74753312021386,68.84258284231439
9.Nb24.L_66.87,66.87,65.69564222078108,68.30996269032845,70.05427860538434,70.38661722037224
10.mNb6.H_62.59,62.59,61.46409121201465,64.21910774633551,58.93736770329289,60.42109931769016
11.mNb6.B_60.6,60.6,62.29953190540098,67.44767658201145,62.39177583123524,61.52804399955791
12.mNb6.BR_61.8,61.8,62.46596842092026,60.7653282244289,60.01662101318011,61.58667307427
14.mNb6.L2_55.42,55.42,62.22950847704906,61.80190535977589,60.36528104120462,62.75556436167716
15.C1.K_74.83,74.83,76.52443788953478,77.37491823183349,76.84890464675641,75.91283465744412
16.C1.I_73.58,73.58,78.77752965761803,77.69691315116545,76.27479989537608,76.61013197247851
17.aGFP/NbThermo.00144/NbThermo.00279_67.64,67.64,69.9434949115831,71.05244574404144,73.73712153713429,72.86474839242311
19.1mel.T28C_57.61,57.61,67.74849441512819,67.42698983541237,65.4238881600341,66.95860319921859
26.HET.A111C_75.13,75.13,75.00544765842284,74.85356898415006,76.07495796783928,73.55197817138861
27.HET.A112C_74.59,74.59,74.88959140131693,74.72343325778567,75.18680912882186,72.28546926125168
29.K9.A112C_74.05,74.05,75.04839938972191,74.84506776074574,69.72425536012226,71.14381032193238
30.PL_75.65,75.65,74.43045750926146,77.3961929890393,75.00874146030456,77.27134220844782
31.QP_77.74,77.74,77.18106688551262,75.7997622529335,79.8322808765585,78.15683790086456
32.aS49_75.72,75.72,74.70135846633417,72.55096724630808,76.21669848027958,73.76911499181888
33.aS46_77.59,77.59,73.12933575897951,71.81860591428826,73.31198360158594,70.26528152795635
34.P2_78.34,78.34,77.46680666253327,72.37882944141026,77.96470840841037,77.68526469354548
35.C1_77.06,77.06,73.62799687733981,75.15699113482628,74.70333931281962,74.86656723162437
36.mNb6_55.31,55.31,64.21036251646345,65.00592689402977,65.34241748047418,64.78203570041731
37.CT1_53.44,53.44,65.29255797970016,63.03104622381147,65.64685099540417,65.42860076219135
38.NB201_73.46,73.46,73.4139005242934,72.77163566895466,74.28437017726381,74.29951117825183
39.Nb24.G114C_56.4,56.4,67.24476632042247,66.71502731126594,65.73325689209574,66.56543498030568
40.P1T_82.41,82.41,75.30582430805197,74.66020249365033,73.4093392456744,72.01818637388115
43.C2T_78.69,78.69,77.88343639487033,78.16149638144807,78.71128297598258,77.65639142500962
44.T2T_78.38,78.38,73.89555486263644,75.0404684443539,76.34794832432961,74.34835832609991
45.D3_70.15,70.15,68.13230734057989,68.53367416748806,68.60315629019075,67.74385633911548
NbThermo.00001_67.5,67.5,62.82947044979072,61.358476283478375,62.78965902121961,63.94602347397118
NbThermo.00003_62.0,62.0,63.633594605416825,62.84832336214208,62.38952298966928,62.515712042179594
NbThermo.00005_70.0,70.0,66.66105598667401,60.15167200823993,58.037239900788805,65.11881822929621
NbThermo.00011_67.5,67.5,70.08127279253308,69.54181453434187,67.83587993370102,68.8391604065171
NbThermo.00015_54.4,54.4,64.88634036932464,62.52697519883871,62.66886449689599,61.8783575831976
NbThermo.00016_56.5,56.5,68.3444659679845,65.84487355172882,71.3457095778579,67.11004205416174
NbThermo.00017_62.1,62.1,65.9060348718078,69.08903593292617,71.84227471327057,67.63866582482534
NbThermo.00018_78.4,78.4,77.33939601602204,72.72503919645163,85.5006575221027,79.70653304337004
NbThermo.00019_72.3,72.3,62.66836150821649,61.59500334145939,71.41464203456432,65.81272922050623
NbThermo.00020_75.44,75.44,74.90259293734262,71.76203494857205,69.09136963427261,73.6182270173328
NbThermo.00021_73.37,73.37,73.42765762545362,78.0172230800181,72.64088987039568,71.82925806186427
NbThermo.00022_78.98,78.98,69.25906678933609,65.99430340811051,72.55094534971329,70.46402616294237
NbThermo.00023_71.26,71.26,74.53399407908167,74.0073695303583,77.72820077903812,72.90202315324892
NbThermo.00024_98.23,98.23,73.88862673773379,77.12748277085109,74.91885095817058,73.81000948636273
NbThermo.00025_71.07,71.07,78.41122545770683,73.2998425483359,71.19100824176297,71.11624810944241
NbThermo.00026_66.9,66.9,68.97571967299905,68.0258525995908,62.24927819216644,63.20838242120667
NbThermo.00027_67.6,67.6,64.77786937004362,64.58517729137759,65.17039526011273,64.88950041786838
NbThermo.00029_72.8,72.8,71.88848081543198,68.02050838755726,70.96653381516676,71.081153450503
NbThermo.00030_65.9,65.9,68.30783296035553,74.26506310162326,72.36866612961656,68.01501966862433
NbThermo.00031_74.4,74.4,76.71007959822326,66.7733207422485,73.14058529377823,66.7801709334662
NbThermo.00032_57.9,57.9,61.66146166270671,61.86273973585895,69.32184354857553,65.3326619967062
NbThermo.00033_57.9,57.9,60.63171721951235,63.64890014359248,59.21463591308489,65.20468024757527
NbThermo.00034_49.6,49.6,60.4950684182527,62.24344266286188,65.57171527720077,63.99671907074295
NbThermo.00035_75.6,75.6,62.77851165840105,67.3186007641395,74.28661703206771,69.53624888039678
NbThermo.00036_51.8,51.8,59.340803530411584,57.11163587784837,49.5619392141458,58.62836035412031
NbThermo.00039_54.5,54.5,57.89571206482117,56.7531242918712,60.11747628560623,61.86024924903088
NbThermo.00040_58.0,58.0,63.00783534595936,64.0625408862404,61.0982051956268,60.3431431597747
NbThermo.00041_58.0,58.0,63.59657967006666,64.15758483884386,64.17689996494714,57.98529204688952
NbThermo.00042_53.0,53.0,57.76091227423942,57.938892549150125,63.47291058994357,59.31324131715479
NbThermo.00043_58.0,58.0,59.030352074794266,58.65096834404521,54.74928801805629,55.44343846962642
NbThermo.00044_68.0,68.0,68.39967174002128,68.96742208333661,66.13283722871927,65.20133147370328
NbThermo.00099_69.47366501,69.47366501,68.99273223993326,65.19817435663695,66.83650010660358,71.1778978536095
NbThermo.00114_62.0,62.0,62.57920872634279,54.73893239109738,73.75638838198671,71.81615532502595
NbThermo.00115_68.0,68.0,64.81311391800554,63.75026801932034,64.98479301226038,66.79605186521127
NbThermo.00116/NbThermo.00130_77.85,77.85,79.12606622253331,77.46133606884567,79.33588670928668,78.11683101306521
NbThermo.00117_60.0,60.0,64.7166261889478,62.65746041449981,64.04215996636283,66.28572711504405
NbThermo.00118_84.2,84.2,82.25750788821821,80.56236861390664,81.14727805262748,78.11683101306521
NbThermo.00119_76.2,76.2,75.56228151078027,74.68666254163219,78.15664028605123,78.59434641893583
NbThermo.00120_79.4,79.4,79.94577065989725,80.68512452157537,79.21597580941064,78.65595948336956
NbThermo.00121_82.5,82.5,82.23332951303269,81.44696222643907,81.88396945327582,79.34483369592196
NbThermo.00122_78.4,78.4,78.98250360015972,78.27589991164925,79.76575461086972,79.77553639302093
NbThermo.00123_79.5,79.5,79.94542014984157,80.71499929444369,80.64743130069192,79.21819761618951
NbThermo.00124_70.0,70.0,75.08069824570148,74.89654723313112,77.6106607943989,77.36592031328992
NbThermo.00125_79.9,79.9,76.64213567826936,75.23886833539603,73.48648351392956,76.09854607536559
NbThermo.00126_79.6,79.6,76.0028339523992,79.33224128509207,78.93724205886237,78.22216932447084
NbThermo.00127_72.0,72.0,73.85997004377238,74.31394948335296,72.81542127062743,72.99742805692651
NbThermo.00128_74.3,74.3,72.3841697180944,72.10324426802835,72.03416163157263,73.32259002963713
NbThermo.00129_63.4,63.4,69.27240151832872,75.35863582234737,74.65519226901844,77.77785165666882
NbThermo.00131_51.5,51.5,61.86249250431453,59.69108122229477,55.81100912682654,59.3739089487956
NbThermo.00132_61.9,61.9,60.39308959786922,64.68548534649969,61.78960609466253,57.49283522525731
NbThermo.00134_60.2,60.2,64.91238301764417,65.82710980754221,62.79337535683934,64.63294863112513
NbThermo.00135_87.0,87.0,85.78201407430002,85.81935858207775,85.69036538105289,84.68034335226152
NbThermo.00136_70.0,70.0,70.295631792855,68.16825708632749,65.57778862294789,68.88677603087645
NbThermo.00137_82.0,82.0,83.69214822228746,80.77821806625401,83.38758925127645,81.20572197718069
NbThermo.00138_65.6,65.6,66.46227047390117,66.76810751779344,65.76569113980683,68.04177834349402
NbThermo.00139_90.0,90.0,87.14714678273248,86.41256569984253,87.87538579689273,87.88317488198578
NbThermo.00140_71.4,71.4,70.32716625542582,71.42586989779167,68.91060504095672,72.35767999511542
NbThermo.00142_90.0,90.0,79.8353635789993,79.17211416584057,75.19647141624053,78.50784381610393
NbThermo.00143_89.0,89.0,76.38060511213885,80.09577681291184,72.00188532427823,76.89800138406008
NbThermo.00145_60.3,60.3,68.99808506597824,64.52854439616627,58.87527710708529,57.86830476284099
NbThermo.00146_75.7,75.7,77.15859926152626,78.99111184153821,80.74027355452299,79.02498235305363
NbThermo.00147_76.2,76.2,69.92263988209004,66.8369732244283,74.11401882499598,72.24133611426787
NbThermo.00148_85.0,85.0,75.78511372706598,73.83800087977708,81.68343653666504,79.91238107698946
NbThermo.00150_61.0,61.0,60.97322328614917,60.37581412370412,62.43888289459064,61.390447818739275
NbThermo.00151_60.0,60.0,61.99785173688747,59.31800655821226,60.67541558152213,61.8631220237634
NbThermo.00152_61.0,61.0,61.72614391221416,63.07057519287319,66.5115262197044,61.49441869083634
NbThermo.00153_59.0,59.0,59.59544138125497,60.655818790960296,65.9817075078884,61.493061752231476
NbThermo.00154_62.0,62.0,62.46405675912487,61.37643436374862,61.42163655224676,63.01080630545858
NbThermo.00155_57.0,57.0,59.1365884504867,58.43608747258829,57.35370572843565,62.009045624249325
NbThermo.00156_60.0,60.0,60.06171237073875,59.31726698510855,60.64483254928073,60.998026239894585
NbThermo.00158_53.0,53.0,53.60457351878222,53.53714953184958,53.04462799816143,52.53077289206711
NbThermo.00159_53.0,53.0,53.92706669158625,53.725090408123,54.16941502763376,55.432800106877956
NbThermo.00160_57.0,57.0,53.83765184401311,52.947939435111,52.86763412837761,52.50130840244532
NbThermo.00161_53.0,53.0,53.32606663167023,54.03385920818672,53.51725081820914,54.052194632393515
NbThermo.00162_51.0,51.0,54.00342651090078,55.27557336109283,53.680618455529,54.866401442268455
NbThermo.00163_53.0,53.0,51.91672057741873,51.5021987820526,52.80926656566992,52.45263725275965
NbThermo.00164_59.0,59.0,63.31130677654806,66.19611208678089,61.38416421096163,65.45992429181275
NbThermo.00165_78.0,78.0,66.86063602717493,64.85047211985983,68.53870790959378,66.05622388217691
NbThermo.00166_67.0,67.0,64.17344615204635,63.9291563555506,67.40181310754876,65.30424363778646
NbThermo.00167_63.0,63.0,69.40851157519003,68.6019675973454,65.2574230168825,68.28073000701704
NbThermo.00168_69.0,69.0,63.934505648384935,64.0750924527194,66.56796240931877,65.9479150945534
NbThermo.00169_70.0,70.0,64.6633346081164,64.55545650649282,67.5702243761467,65.67302877117083
NbThermo.00170_78.0,78.0,72.19986003527868,72.39204396224625,71.07865093316038,71.16130210199772
NbThermo.00171_71.0,71.0,70.31901668314902,70.07916853858117,71.45450139244362,72.27686616409005
NbThermo.00172_69.0,69.0,71.9882551857767,70.87536270448051,73.5876282216619,73.75168505177301
NbThermo.00173_74.0,74.0,70.54838015944358,71.59396270393454,70.25084914338859,70.02480703432539
NbThermo.00174_69.0,69.0,69.37793294887693,67.30366302152615,70.38483448165061,68.42243046839738
NbThermo.00175_70.0,70.0,70.98887696793392,71.90265674580422,71.15548099734859,72.27686616409005
NbThermo.00176_72.0,72.0,69.6348832587385,70.8544063697834,70.97999326250934,70.50067817156592
NbThermo.00177_66.0,66.0,70.84424537750469,68.83093128431942,75.61729796264825,73.52062044280135
NbThermo.00178_79.0,79.0,69.55855375950982,67.44368980137573,67.92679731503331,67.28411511669546
NbThermo.00179_66.0,66.0,59.91777812972347,62.42727938308988,55.54899366744313,63.84264530016582
NbThermo.00180_74.0,74.0,69.688948053293,69.17979572108386,70.07473838821842,63.161642551408576
NbThermo.00184_66.0,66.0,64.55571104763253,67.29285748506116,69.30820080810196,73.49936218444306
NbThermo.00185_65.0,65.0,66.18866966596197,65.34617975911361,72.73413071062625,71.81292259883831
NbThermo.00186_61.0,61.0,73.87095740322354,69.86466054148464,63.69051489898161,68.10260762643783
NbThermo.00187_69.0,69.0,64.95543725718647,65.27175486875993,60.1776217306016,63.646489802849075
NbThermo.00188_69.0,69.0,57.57690781124211,58.7070674444266,58.0284136778884,58.00523881197749
NbThermo.00189_58.0,58.0,69.08257507680325,69.18768329911568,56.46247589099487,64.44393925352564
NbThermo.00190_49.0,49.0,61.54263389530664,63.57811735472752,59.551396819749975,58.709201221517006
NbThermo.00191_46.0,46.0,55.309349536684365,56.58101292779496,62.69027949695756,67.1162507542634
NbThermo.00192_70.0,70.0,61.18765009344951,65.67860980622709,54.59228510236104,64.58899467791903
NbThermo.00193_65.0,65.0,65.92045309785664,71.40420288279661,68.78150211979212,62.05211278698638
NbThermo.00194_70.0,70.0,70.10297113528355,66.93044651946443,69.29058774218666,65.26826053852707
NbThermo.00195_65.0,65.0,67.49115274011237,67.89716393702389,66.37233568887999,65.3017653384696
NbThermo.00196_64.0,64.0,62.4570918016456,58.448929149036445,57.031049969132106,59.39592469098655
NbThermo.00197_72.0,72.0,63.893701896152685,61.22579542233243,66.78004134503277,65.34114150706631
NbThermo.00198_62.0,62.0,61.79032460825475,60.29680489173672,65.41561707428393,68.77406627833035
NbThermo.00199_43.38,43.38,48.654409957890365,55.99894714367412,54.24699069149417,54.22743857709416
NbThermo.00200_57.47,57.47,51.0117842239697,48.49333785940465,52.04002930578068,50.522628655770845
NbThermo.00201_60.59,60.59,50.00341308196336,54.17138902114085,50.303193287900186,52.213857866117465
NbThermo.00202_60.01,60.01,47.948075480750006,54.26613395877656,50.91443995702719,48.52924027502638
NbThermo.00203_43.08,43.08,52.65587506291335,53.267694696599605,47.38094494598547,54.85246666129905
NbThermo.00204_51.16,51.16,55.69723443886406,58.155612164634384,57.80796544552213,54.15716252652458
NbThermo.00205_48.91,48.91,60.09666498920242,59.99040962006308,62.63758446463522,59.019497107993274
NbThermo.00206_50.74,50.74,47.717502320267386,47.030203167441606,50.34828014642234,48.849340538290534
NbThermo.00207_66.0,66.0,63.72269323426031,72.32855613403467,71.8223081853814,64.61133084357478
NbThermo.00208_52.35,52.35,49.21598213171419,55.48407132360556,57.521015755411135,54.15349497343952
NbThermo.00209_47.25,47.25,50.24792953788674,52.38128408742611,45.32439692862748,45.51149423553289
NbThermo.00210_46.8,46.8,51.20196208960041,47.296813186595045,53.756443614203874,52.79648266738684
NbThermo.00211_47.02,47.02,45.40193441330758,44.74197906030281,41.99860839284946,41.51840870995298
NbThermo.00212_51.0,51.0,63.23113113829461,64.78812278185731,64.80451162197083,63.556499148250914
NbThermo.00213_50.0,50.0,59.96575293729039,50.03547136487185,56.52008820854304,61.72295006579962
NbThermo.00214_75.0,75.0,57.212189006155,55.32778316501594,56.83415651763273,57.71399515415176
NbThermo.00215_60.0,60.0,66.99517981658003,65.98430187120363,61.48403033197776,65.22623766436173
NbThermo.00216_72.0,72.0,57.7656983347942,63.027066965117584,56.74266117218061,59.96773127158787
NbThermo.00217_54.0,54.0,71.0453897135897,69.43425554407013,71.76732600347593,70.6403451962257
NbThermo.00218_43.0,43.0,58.58870985091434,57.54932456829752,58.21660883523557,55.33104078634689
NbThermo.00219_54.0,54.0,57.68724675887346,63.8458429305832,58.46389501251726,60.70183026063985
NbThermo.00220_67.0,67.0,63.17350422078662,64.0294580386346,66.82948071468446,68.69671787125347
NbThermo.00221_68.0,68.0,58.78321441300217,61.07812871741133,56.51967316565305,65.25301085096538
NbThermo.00222_60.0,60.0,58.95712034755184,63.1887173205216,61.04957966668423,64.96901202593875
NbThermo.00224_60.0,60.0,58.14463860967513,57.74077844763582,58.01468188057812,64.95201412571173
NbThermo.00225_62.0,62.0,49.65828763804888,55.032294684108,56.3255538209355,46.51714340087827
NbThermo.00226_46.0,46.0,63.56247346741704,63.889459680601625,61.27241063990865,59.2016568459981
NbThermo.00227_61.0,61.0,68.9668324760164,64.08035047733102,63.613958487967096,65.80831972176011
NbThermo.00228_62.0,62.0,69.03084414449623,65.93560794719416,63.0338548253725,65.96701303132865
NbThermo.00229_66.0,66.0,69.81892848312648,76.13769238500458,66.92464160303211,67.48975762351338
NbThermo.00230_65.0,65.0,71.08973941341807,73.39101333984713,76.6386946857071,66.56074007453232
NbThermo.00232_74.0,74.0,78.50880219213585,72.69796941437485,77.87669004024886,77.73169464069399
NbThermo.00233_70.0,70.0,67.35886561294097,67.33174703787296,69.3427095710859,67.75581311580828
NbThermo.00234_85.0,85.0,79.44181638435843,82.09579909261478,80.80554481492975,80.23156393724994
NbThermo.00235_85.0,85.0,79.01031084065494,81.55638403767607,81.42457234539313,81.2911635704502
NbThermo.00236_65.0,65.0,62.14658199124909,62.317945753153786,63.97453646637736,62.57658080233497
NbThermo.00237_65.0,65.0,65.07147519869075,66.8134855910502,66.05254645793792,72.35845354416072
NbThermo.00238_50.75,50.75,70.77217639974315,70.1029138928513,69.50761022557113,71.88410102985485
NbThermo.00239_59.0,59.0,61.69699665029433,60.550050838571664,65.19412555911225,63.239283850336555
NbThermo.00240_60.0,60.0,62.85947494095621,63.58354785860992,64.79667786114997,68.7389981166321
NbThermo.00241_48.0,48.0,65.6444893265559,64.54737789997981,65.55783830622197,65.66030226770899
NbThermo.00242_64.0,64.0,62.03567006399084,63.03740086953765,64.13593726756285,64.43612447904093
NbThermo.00243_63.0,63.0,64.88199191174581,65.20473187415749,63.8808421474423,64.84122960171202
NbThermo.00244_64.0,64.0,65.64708980307486,63.49806853327563,62.02856817654731,61.456150496468844
NbThermo.00245_65.0,65.0,65.11108110338509,63.77645765359982,64.31619132490452,64.37996925255023
NbThermo.00246_66.0,66.0,65.70055997351757,65.40111139556019,67.05900406486221,64.27443448988676
NbThermo.00247_79.1,79.1,78.52823229524316,78.33430074627736,78.75770055409437,76.94062778618631
NbThermo.00248_77.2,77.2,77.48833530729596,77.36863967428195,78.75942793737165,78.52098470896793
NbThermo.00249_81.4,81.4,79.94528293208963,80.35920138567191,80.70220055431304,79.24458902019313
NbThermo.00250_78.5,78.5,79.13289792375038,78.52568407142033,78.97333297579713,77.86688933604644
NbThermo.00251_75.5,75.5,74.01428366553797,76.64798718467723,75.46968267631925,75.35492373131476
NbThermo.00252_76.9,76.9,77.83147562831134,77.28379412984947,78.05714376337211,76.48990802856842
NbThermo.00253_76.5,76.5,77.1293358587765,77.23270162154195,78.77726308035052,78.64650380145086
NbThermo.00254_77.4,77.4,78.2044713444468,78.28237937846278,78.52339970869367,78.23493982521796
NbThermo.00255_77.6,77.6,76.3403463907223,77.08583559697446,78.10236888774597,75.89413240291786
NbThermo.00256_77.5,77.5,76.71252977421608,77.1103321463394,77.15402541220965,75.06698642344473
NbThermo.00257_70.8,70.8,77.95081457319324,79.40301501587525,77.3102699218841,77.43252406253038
NbThermo.00258_74.9,74.9,76.90784079112827,76.71712748742104,74.9876546836517,76.03474040055708
NbThermo.00259_78.1,78.1,76.31187948306848,76.12016522677561,77.52621649544939,76.70484975747526
NbThermo.00260_74.0,74.0,75.84966674487191,76.36978660893736,75.38525435301051,76.66237811380954
NbThermo.00261_76.0,76.0,75.9575161712652,77.37130412875194,76.58421586241231,75.84212338590008
NbThermo.00262_73.4,73.4,78.22411910851086,78.43311088118969,77.92547736566924,78.38242057202619
NbThermo.00263_77.3,77.3,78.37399193304695,75.51302391663815,79.459224303235,78.2927723115385
NbThermo.00264_74.0,74.0,76.26236097867783,76.6622976216259,75.90429272040913,76.50373426536389
NbThermo.00265_80.0,80.0,79.28279852195992,78.15977298125902,78.1543635191096,78.26735652429826
NbThermo.00266_79.7,79.7,79.58142784143249,80.00608447531145,81.16981420148737,77.20703727555764
NbThermo.00267_79.0,79.0,79.44983056730096,78.35935464518887,80.0901988846387,77.23625046723862
NbThermo.00268_81.0,81.0,80.22529726101804,79.38839768188659,79.35852837532343,76.65921113819867
NbThermo.00269_81.6,81.6,81.37499726521519,81.55816839164706,79.49941667103148,80.48572528441964
NbThermo.00270_78.5,78.5,78.38144883483201,78.60719886034421,78.91039872953084,78.03417827814737
NbThermo.00271_80.9,80.9,79.82656742022984,79.90555889580929,79.95052254093399,80.1296568178581
NbThermo.00272_81.3,81.3,81.0828471514649,81.10646710833801,81.25211248452055,80.38021186374964
NbThermo.00273_78.5,78.5,78.71667698045084,78.34702072754878,78.79474907849777,78.83755759293267
NbThermo.00274_81.4,81.4,79.77567555075409,80.17768746623271,80.0668181807401,79.89376392674569
NbThermo.00275_81.9,81.9,81.6465884324779,81.91930399775087,81.56319095433248,79.6947351383001
NbThermo.00276_77.0,77.0,77.34062124472283,78.42138835088227,77.71054519226047,77.80985076401336
NbThermo.00277_81.3,81.3,81.01905470510513,79.87091778463814,80.14939106451178,79.89455323961087
NbThermo.00278_81.5,81.5,81.45895545283351,80.07063793363506,81.2132647856533,80.3999534480136
NbThermo.00280_74.0,74.0,70.53917661079946,69.96350126360731,69.93995733162693,70.85169628696303
NbThermo.00281_75.0,75.0,70.93627632445708,74.49533664160303,71.85336709381474,74.11530082780965
NbThermo.00282_74.0,74.0,69.456915010532,72.24542515233394,76.0636197062247,73.61429007256477
NbThermo.00283_95.0,95.0,67.31448844317515,66.21317686014825,80.85230449538925,76.73441148946407
NbThermo.00284_70.0,70.0,69.84387819100448,73.12254951204876,72.59658800038898,71.21739943808811
NbThermo.00285_74.0,74.0,66.16886532717747,75.10133289217826,68.20247792780332,71.0857278010622
NbThermo.00286_73.7,73.7,74.62550288576067,75.27668441138239,75.52414298287658,73.79186339105614
NbThermo.00287_75.6,75.6,64.53982772712772,63.55181407951768,68.7061972575555,63.6227754442312
NbThermo.00288_70.5,70.5,75.46433556455224,70.87830833915766,71.80343297373335,73.04708927431719
NbThermo.00289_63.9,63.9,70.93996597376375,70.64358624231302,72.41209213842315,73.65904507799705
NbThermo.00290_70.95,70.95,69.49063938175398,67.87258412693913,71.92736160624034,70.192599395191
NbThermo.00291_73.8,73.8,67.05091139494047,67.54752421113983,72.09046822141835,67.64135867730639
NbThermo.00292_71.94,71.94,74.55621453088895,70.82493478744179,69.91675413093988,71.4471624923095
NbThermo.00293_56.0,56.0,52.31408916726716,55.90915564837705,54.08220009955888,54.33615776735623
NbThermo.00294_52.0,52.0,56.04386311730068,52.8266264874864,50.69444139060644,52.5895235002029
NbThermo.00295_49.0,49.0,53.8540576767732,54.83206311441287,53.42639651334971,53.7977086435868
NbThermo.00296_64.0,64.0,63.0337431530691,61.62222284592309,65.45111909226111,62.69348333931032
NbThermo.00297_62.0,62.0,62.59159832747643,59.50167246459182,64.26015833882953,62.17685391675009
NbThermo.00298_62.0,62.0,55.8498735927132,58.99795353943287,60.55029337251193,61.916724381310786
NbThermo.00299_74.5,74.5,69.40758207416454,66.15655869156487,71.05153103566808,64.85793372497207
NbThermo.00300_70.3,70.3,74.6437986774808,76.69063119089525,67.86424542298444,67.61166779563953
NbThermo.00301_57.8,57.8,63.33378219871908,63.71524247601393,61.47044734316493,66.5595842466451
NbThermo.00302_67.0,67.0,62.49296187224495,67.25245670482866,66.71392293695574,67.6015121025505
NbThermo.00303_60.7,60.7,63.534573669477005,60.75905201418794,69.17214364058255,61.03439464279644
NbThermo.00304_69.6,69.6,63.099133146066535,69.3174979247535,68.28365635978138,67.40896937253277
NbThermo.00305_71.6,71.6,71.34431477149475,71.09755710885632,70.73052433684649,70.75275649265119
NbThermo.00306_79.8,79.8,68.71817126109826,72.50995176498468,79.51246581155188,77.66847496156569
NbThermo.00307_67.2,67.2,64.23513246878574,63.94254537630608,70.13215567225008,67.06441697885282
NbThermo.00308_61.6,61.6,64.64699153916771,64.7886543846149,61.32266286758705,64.52569779195336
NbThermo.00309_68.6,68.6,64.59752423085037,66.21388849822101,63.734898189677104,65.20834936127048
NbThermo.00310_65.2,65.2,67.0563101314669,65.00040122988176,65.73191820102991,66.22371314214674
NbThermo.00311_67.5,67.5,66.57225998674794,66.46001147829736,68.84079052368568,68.14881306162
NbThermo.00312_66.1,66.1,67.45554217234113,68.79681855819253,67.20408625841726,66.70707873924738
NbThermo.00313_66.5,66.5,67.31593020412939,71.1035535592483,67.13512400333185,67.74628636287622
NbThermo.00314_70.9,70.9,67.64204557303366,69.59343648879745,67.433678491322,66.91893102476557
NbThermo.00315_66.8,66.8,67.50353062725247,68.00883509793303,68.02054968427476,68.60900454474779
NbThermo.00316_68.1,68.1,68.21937837141785,69.02198861591596,70.30871734723831,69.24124417511233
NbThermo.00317_78.0,78.0,73.56164520453903,74.62016944723102,73.63221033544563,74.63522562990575
NbThermo.00318_73.2,73.2,77.2321033333168,77.5107359444506,77.10373439247331,76.85504375539767
NbThermo.00319_78.6,78.6,74.72981580869128,79.34557238174966,70.37461694116988,73.14976544780531
NbThermo.00320_76.0,76.0,79.0960297017863,77.83355790784977,79.01959651299987,77.13653323849175
NbThermo.00321_80.9,80.9,77.29157632988155,78.24439057991822,77.16431490027506,76.5561338024189
NbThermo.00322_63.3,63.3,63.89569099304237,62.027064726103234,68.0894516650086,63.55841652866041
NbThermo.00323_60.9,60.9,63.27849644985983,60.31582693845807,67.20885907272518,62.32144988512595
NbThermo.00324_64.7,64.7,67.03299529216247,64.15358160935138,68.32498278096726,62.96948266843201
NbThermo.00325_70.4,70.4,67.27401182523066,65.20611981141107,70.96959790955987,65.2268967669067
NbThermo.00326_58.0,58.0,63.964687191673455,61.60421137611702,64.38691245562983,65.45066177305792
NbThermo.00327_67.0,67.0,60.90202006903029,58.38694406423892,60.20118339409628,63.04974443834384
NbThermo.00328_57.0,57.0,64.61261786023842,63.55375003025699,54.82856041743781,66.79104804112157
NbThermo.00329_60.0,60.0,61.32001842210585,62.835432112088085,60.23808752997636,61.83035277714687
NbThermo.00330_60.0,60.0,66.44426322070467,64.01820273195989,65.61826044046273,64.4457756804625
NbThermo.00331/NbThermo.00342_75.5,75.5,69.0807016581203,69.48539895954545,67.65777932721198,66.3821611628297
NbThermo.00332/NbThermo.00343_68.0,68.0,72.33001740445519,72.01964722660888,71.46560821660941,69.76822620201501
NbThermo.00333/NbThermo.00344_71.5,71.5,68.77708374352211,68.5310373092467,67.38801079650588,65.32393648235636
NbThermo.00334/NbThermo.00345_70.0,70.0,67.11556199336626,66.98469200688325,65.84485076511578,65.35039989669139
NbThermo.00335/NbThermo.00346_58.5,58.5,59.22449324859112,56.826877462846085,58.24073131814991,58.416024428174254
NbThermo.00336/NbThermo.00347_56.0,56.0,57.54912259827021,57.65754404742571,58.84853579925933,60.051795838496716
NbThermo.00337/NbThermo.00348_55.5,55.5,56.91535972678567,55.59317747975668,55.38007256509103,56.79947346222829
NbThermo.00338/NbThermo.00349_57.0,57.0,52.5403531789611,53.01279765134184,58.26493401607373,57.310018224458304
NbThermo.00339/NbThermo.00350_53.5,53.5,57.89571301686942,54.46530877707279,55.890736754675,60.409083794792025
NbThermo.00340/NbThermo.00351_46.0,46.0,58.06265904897314,55.60524315401361,55.916495599881,60.03983428719285
NbThermo.00341_62.0,62.0,60.30244124705308,59.350536906812174,57.504243610232976,60.83902798419171
NbThermo.00352_54.0,54.0,61.024480709909874,59.96266524709888,59.59432488293544,60.64331518218803
NbThermo.00353_71.0,71.0,59.04377166562813,63.63596771479318,63.19310931174115,60.47764837723198
NbThermo.00354_59.0,59.0,67.56615240111839,67.70599747485048,61.30550769944751,63.9379502558975
NbThermo.00355_55.0,55.0,63.018505968032656,63.10020957342768,59.34530896034608,54.22949768428609
NbThermo.00356_71.0,71.0,74.80315373629222,72.75756151151596,72.59508054425646,69.87861277346607
NbThermo.00357/NbThermo.00428_73.0,73.0,66.33270601612956,65.3413676829617,69.41250060007765,67.05697223452528
NbThermo.00358_55.0,55.0,68.64073684394396,64.93429040458753,62.33557008011631,63.31814244028276
NbThermo.00359_47.0,47.0,57.80795496129754,60.675708042764754,53.0374804056152,54.48663941434742
NbThermo.00360_70.0,70.0,70.60537134474124,71.9350527477548,71.79579424239742,71.38423885726769
NbThermo.00361_72.0,72.0,70.04125928717875,70.13027744374992,70.05665220498685,68.66258919934634
NbThermo.00362_59.0,59.0,64.7921865823851,61.15777044835382,61.41869084819621,61.17663719603965
NbThermo.00363_71.0,71.0,71.78599197166476,65.73744428771859,72.28623969824412,70.9638487995325
NbThermo.00364_63.0,63.0,58.6104164959754,62.77098678831874,67.88996395205568,68.48343283549544
NbThermo.00365_85.0,85.0,83.02658494975873,83.1534620568382,83.50442816687489,82.0938477747029
NbThermo.00366_84.0,84.0,80.06821030775662,81.87900270087196,80.36114223887446,81.8129950847181
NbThermo.00367_85.0,85.0,82.64622596256507,81.39559052631219,82.37252928034854,81.81792777005246
NbThermo.00368_83.0,83.0,82.34769483228787,84.58040277236805,82.03357145894844,81.78880839282726
NbThermo.00369_82.0,82.0,81.21350697134851,82.77456460542726,81.94564859188726,80.62568509692267
NbThermo.00370_84.0,84.0,79.763981021101,81.59098144382872,80.02771272520141,81.63642924552757
NbThermo.00371_74.0,74.0,79.09196769381121,81.1373316887548,81.48902460005232,81.91248218877996
NbThermo.00373_84.0,84.0,82.96380634596176,81.8420437241801,81.52760263290152,80.25798879268574
NbThermo.00374_75.0,75.0,77.17280826907279,75.83102119076032,80.29458898592877,81.68426223785097
NbThermo.00375_84.0,84.0,79.77271566568503,77.77274450485125,86.76466030268416,81.58599574713352
NbThermo.00376_73.0,73.0,82.28079138871783,83.34323358681362,83.5557495002009,82.42146743225221
NbThermo.00377_78.0,78.0,80.4210425044126,82.1822775852187,79.99384072902109,80.44463421259275
NbThermo.00378_76.0,76.0,78.89193757030786,80.31885559928338,80.29703250182577,80.25144869348823
NbThermo.00379_76.0,76.0,78.86795585503148,77.81599378591636,79.10770585284779,81.13854135558157
NbThermo.00380_76.0,76.0,79.56696033748501,81.94308058859323,80.29703250182577,80.8499013633871
NbThermo.00381_80.0,80.0,81.7166612969424,82.66869844414114,81.32840658119142,81.13340763233083
NbThermo.00382_79.0,79.0,80.26335579879034,83.55434505493439,81.92008872752007,78.60955128090514
NbThermo.00383_77.0,77.0,67.24538529033879,65.80249460073938,69.4753235515137,62.134985006669545
NbThermo.00384_67.0,67.0,71.15046450125504,65.29041109126534,64.26075495979899,62.12777909064702
NbThermo.00385_61.0,61.0,71.71664648082287,72.86505220116179,63.42134358947834,69.34938632015985
NbThermo.00386_63.0,63.0,67.38429888170616,62.19272094106268,64.89396552100824,61.83752578247097
NbThermo.00387_53.0,53.0,67.70674341145057,64.81153251289005,61.169475549738166,63.138526810852156
NbThermo.00388_58.0,58.0,61.27949123076585,59.26881617379552,58.12861388818271,62.262781699286506
NbThermo.00389_67.0,67.0,63.737824909254655,65.84091592266887,62.82078486419623,62.237151749792204
NbThermo.00390_66.0,66.0,65.71166644684683,67.05815534823977,64.2970920150131,65.72999629016479
NbThermo.00391_53.0,53.0,69.91855847291633,72.1632277398744,59.06394890285053,63.60267449635288
NbThermo.00392_62.0,62.0,64.79916267642591,60.67490121610209,60.35434770793311,62.558771031382484
NbThermo.00393_57.0,57.0,66.01375825943308,66.12959875037724,63.13078816229195,65.91158837698694
NbThermo.00394_63.0,63.0,67.5042093932603,69.9151880471028,68.7142530451452,68.66418251754783
NbThermo.00395_72.0,72.0,75.06622500065623,75.20264714831559,77.65533423536768,73.05854184274868
NbThermo.00396_64.0,64.0,64.49014159037651,69.36101381153044,64.79540557130237,70.37438256766903
NbThermo.00397_64.0,64.0,64.27394874785332,68.44596724492456,64.79540557130237,69.56815617160304
NbThermo.00398_72.0,72.0,73.2025637934525,73.15991863413278,73.28484806010428,74.04498125972974
NbThermo.00399_80.0,80.0,75.86842811393021,74.89335883878502,71.41038727026226,70.75951216864446
NbThermo.00400_57.0,57.0,67.53877451229874,65.42223209499952,62.71754742973901,65.47873998172
NbThermo.00401_58.0,58.0,60.31662853482854,60.049278691327565,55.86197743707514,57.235296237372225
NbThermo.00402_63.0,63.0,62.09997229921941,64.59097431670898,65.09319417416829,63.260898708658516
NbThermo.00403_69.0,69.0,66.58597458834844,67.71465880836523,71.54544042777097,69.36573971840434
NbThermo.00404_63.0,63.0,60.78326255134856,61.87027340059392,62.40460514806821,67.44914181998263
NbThermo.00405_68.0,68.0,62.26247003199288,70.79344033247264,58.63517146943675,60.85863339654876
NbThermo.00406_62.0,62.0,64.93542313366365,57.5086843457871,67.03608410551969,66.25011061469242
NbThermo.00407_60.0,60.0,59.27152516317394,60.24714423165626,63.36823192203802,61.46039998337773
NbThermo.00408_60.0,60.0,57.7633857805053,57.94117817238191,58.49117987299702,58.64012254810034
NbThermo.00409_57.0,57.0,61.44013410927429,60.491563978743926,60.29989332617174,61.321341787433205
NbThermo.00410_61.0,61.0,64.44117510974611,62.1123739895414,64.6284162865493,67.03481017642981
NbThermo.00411_80.0,80.0,72.89796294801465,75.88075431852347,72.32090023719049,74.2129480980841
NbThermo.00412_56.0,56.0,63.49970775355491,64.93141006944536,57.57985152957474,60.94178766228863
NbThermo.00413_60.0,60.0,62.54121668289698,62.53563796510228,65.69687943044073,63.70043665560013
NbThermo.00414_61.0,61.0,60.38031012770831,58.88350479233769,60.95028671623881,63.97887445850696
NbThermo.00415_71.0,71.0,69.8291744942151,67.7225062944611,67.73316183784172,61.96260683995391
NbThermo.00416_79.0,79.0,73.4233764082671,73.7014811953724,64.01878121272247,66.80462369582986
NbThermo.00417_75.0,75.0,77.92538517824883,76.88188949181374,76.50604296123198,75.38019758711
NbThermo.00418_57.0,57.0,65.59480760101496,69.93992583771337,60.08807245187497,63.57841515369907
NbThermo.00419_70.0,70.0,65.06276986133959,60.751026798437685,63.35163170205102,67.96949262753475
NbThermo.00420_62.0,62.0,62.64423928389145,66.89170804391297,63.14585791735556,64.77397974440424
NbThermo.00421_60.0,60.0,63.73850653080668,65.05514697614421,57.08501450143226,55.61639004310111
NbThermo.00422_59.0,59.0,58.71700979400856,61.83108933436411,64.43553583423699,65.36815211670925
NbThermo.00423_81.0,81.0,81.41066888333653,79.93698574157355,81.65900619769647,80.09217617576834
NbThermo.00424_81.0,81.0,79.38360150398134,80.88432309871683,80.52176967142209,82.00751442552638
NbThermo.00425_86.0,86.0,81.49105452435518,83.84760778648946,82.03357145894844,81.9107381413497
NbThermo.00426_87.0,87.0,88.95369358555037,90.3662616387679,88.37459849147123,87.92161378681688
NbThermo.00427_85.0,85.0,83.75280821036498,81.02084135674698,86.708244455301,88.43294546401643
NbThermo.00429/NbThermo.00430_80.5,80.5,70.67590496032753,70.99963259114506,74.62714508378356,70.7154275384347
NbThermo.00431_76.0,76.0,74.59242425787811,77.99671217528267,75.48208183299081,78.13393052616554
NbThermo.00432/NbThermo.00433_81.5,81.5,79.31177365712685,79.4865348658947,80.573495005635,78.21498674835122
NbThermo.00434_89.0,89.0,87.16893853296085,89.22858934978206,82.6996113779635,78.57131245652411
NbThermo.00435_89.0,89.0,88.9953812083034,84.17742665257083,82.38592840475496,81.62364658622799
NbThermo.00436_88.0,88.0,84.73075858695921,87.02783620453883,80.0978703251615,79.87714256283202
NbThermo.00437_48.0,48.0,62.09321996710568,59.821808769659214,58.147210072780425,57.23024213551365
NbThermo.00438_68.0,68.0,65.72869686352684,60.7911865060123,66.49570566207606,70.22023507861395
NbThermo.00439_70.0,70.0,72.47851427011777,76.81574586569661,70.30243261496625,70.58556110926392
NbThermo.00440_65.0,65.0,71.6326082794098,73.17710919695782,66.76434735310379,71.55239504887025
NbThermo.00441_71.0,71.0,74.36626842533032,68.11256887081277,77.16154425937556,76.8792995150039
NbThermo.00442_66.0,66.0,69.90823748577402,71.29769297938397,57.67160956597307,56.692098685811686
NbThermo.00443_75.0,75.0,74.07600918765985,79.73227065061471,78.54111784434092,79.7142470180701
NbThermo.00444_46.0,46.0,56.42110189881387,55.937904398777285,52.05430300071303,55.39015087391924
NbThermo.00445_65.0,65.0,58.07960209315388,58.42665126410208,58.60455033847218,58.024749956274874
NbThermo.00446_71.0,71.0,70.796825350462,69.47414782557028,70.66102360188266,71.44018016436493
NbThermo.00447_73.0,73.0,80.3644246537027,75.37829610673751,73.97789954887924,76.33999248117728
NbThermo.00448_86.0,86.0,77.50609595085852,80.82028353474912,77.30676374514934,80.28766222631513
NbThermo.00449_60.0,60.0,61.76302170008368,64.37617993376244,65.16496010517629,65.55981827823476
NbThermo.00450_66.0,66.0,63.57441093656645,63.171072501897456,62.89267174552102,61.53147303626324
NbThermo.00451_75.0,75.0,72.81988084385543,71.27566908116746,70.32449335801843,68.0550240540544
NbThermo.00452_65.0,65.0,54.3182801777324,57.57649254050118,57.68419120527479,55.956633809481374
NbThermo.00453_58.0,58.0,57.50915908466399,57.27625156400176,56.90851892409009,57.50695261417046
NbThermo.00454_74.0,74.0,73.06405101542003,71.61870439772508,73.46504042778619,73.86548182124828
NbThermo.00455_55.0,55.0,56.31790622478446,55.89859468635629,59.32224096140145,61.291278958586425
NbThermo.00456_53.0,53.0,62.08758406971719,57.64036244465906,57.89142853915099,60.31039329097293
NbThermo.00457_65.0,65.0,67.6395770673154,66.76176563861468,65.50886481636432,67.1337929165457
NbThermo.00458_58.0,58.0,58.14698758241188,61.88746744734971,64.96881758297533,65.51301245963636
NbThermo.00459_50.0,50.0,49.76960015023682,54.24760024141253,51.879356559534926,44.972618110346296
NbThermo.00460_50.0,50.0,52.279309907092255,50.001578588614194,52.75510085515513,50.35184209821145
NbThermo.00461_74.0,74.0,71.5557808999059,68.73883665438801,73.25481466098255,71.12241432860871
NbThermo.00462_70.0,70.0,68.44692891064837,70.15934002956607,67.06807313465117,66.21572143834852
NbThermo.00463_60.0,60.0,64.62153522214902,63.73352603852183,65.44370111095246,66.31564120749465
NbThermo.00464_77.0,77.0,72.35035562250515,72.1341411914334,73.4690400296712,70.99400851473808
NbThermo.00465_62.0,62.0,66.91077624002477,67.48525023324106,66.22357617331066,69.1771078551634
NbThermo.00466_65.0,65.0,66.7860275840628,64.77962705078389,67.69288652812632,68.59370729310896
NbThermo.00467_77.0,77.0,81.95411690311923,81.55581704213114,78.32389980435885,81.43062800894567
NbThermo.00468_75.0,75.0,73.21459495294665,71.96671999877,73.65520615174167,72.73595282868506
NbThermo.00469_68.0,68.0,66.4804083980116,65.19438396957281,70.76605505265428,67.01710685643324
NbThermo.00470_78.0,78.0,65.88978731532782,70.21072352291584,66.83128752870014,69.02406908531032
NbThermo.00471_64.0,64.0,67.48078587466782,65.94192183253543,63.12171419900948,64.51376333732844
NbThermo.00472_68.0,68.0,67.2365732231993,70.6987308492734,71.70843531338404,65.7773621984285
NbThermo.00473_65.0,65.0,64.6343926469452,63.85327584205855,68.0406342063078,67.54323155782328
NbThermo.00474_59.0,59.0,56.96658214922671,62.58421870102061,57.93733268540817,54.47708598160323
NbThermo.00475/NbThermo.00476_52.5,52.5,57.49970982609463,56.780444922384014,57.46488106012673,57.71395841162274
NbThermo.00477_65.0,65.0,62.80218441232466,64.16468626572805,60.48335425204958,58.79210628089744
NbThermo.00478_55.0,55.0,61.81514799734225,61.41084340284933,60.9962710665772,60.131110520337316
NbThermo.00479_61.0,61.0,56.16458306685726,57.21408632190873,56.66938286048279,57.7890672209342
NbThermo.00480_59.0,59.0,60.92387181061125,59.14440081182608,54.18312701832616,57.946366818443856
NbThermo.00481_80.7,80.7,80.27110148676803,80.13864625075463,81.17454811983211,80.91156532993767
NbThermo.00482_81.7,81.7,81.82240766910856,81.60254370782387,80.85458872419764,81.71360041249685
NbThermo.00483_80.7,80.7,81.06425733573387,81.6930065171187,82.95863278485038,81.556771769924
NbThermo.00484_81.9,81.9,81.59296756429009,82.17001154450377,81.36449373430119,78.35283903762128
NbThermo.00489_55.0,55.0,56.0568918429217,56.01117865478754,56.411166551280814,56.61255947470841
NbThermo.00490_57.0,57.0,55.45755265225614,55.42003507493756,54.75840307409496,55.46753532010867
NbThermo.00492_64.1,64.1,64.46250927527886,68.33440418546792,62.943068390700645,64.66480435940764
NbThermo.00493_60.1,60.1,42.78267147318493,52.72830890023029,60.006297990814495,50.37094232541476
NbThermo.00494_66.7,66.7,71.58255811377492,71.86388389404443,78.332018251225,70.48231175118984
NbThermo.00495_84.7,84.7,73.3040964157675,73.77514822048542,69.46783561640407,65.0978877672291
NbThermo.00496_73.1,73.1,78.12985748889601,78.65069010999532,69.40376809490301,76.68234062753096
NbThermo.00497_75.1,75.1,72.83323773602402,73.32110689636646,71.16729429985148,72.15517664655202
NbThermo.00498_72.4,72.4,71.83105316174759,65.5532477446517,69.7580335981092,75.22521998997593
NbThermo.00499_74.6,74.6,72.353894842731,69.57429769939442,71.24434608782305,72.16749056546955
NbThermo.00500_77.2,77.2,77.6431382468917,77.39284370435035,78.87629664941856,78.23493982521796
NbThermo.00501_93.6,93.6,76.93336729201775,84.07964114460174,77.6809958653294,72.39254603827118
NbThermo.00502_84.7,84.7,80.98441849695118,83.36378218700551,79.90708445719717,80.51164606311242
NbThermo.00503_78.8,78.8,81.94264467374248,79.24856543896924,81.11838943805024,79.49203523124518
NbThermo.00504_79.1,79.1,78.26636662128001,69.83210123189404,77.0615691744537,81.29788112903196
NbThermo.00505_80.1,80.1,81.78926617388504,80.12681906057907,81.95223542548098,81.06238797563992
NbThermo.00506_85.3,85.3,83.85916599436307,80.62493522263077,85.74244775479019,84.01660063886973
NbThermo.00508_58.0,58.0,57.30702242696968,58.367949769147245,57.74657172916388,59.66022865365396
NbThermo.00509_58.0,58.0,58.83703849003573,59.34801717627989,59.52173745265124,59.79905856418108
NbThermo.00510_61.0,61.0,63.6742914455421,60.56810461134616,59.17663971095248,59.039640020209546
NbThermo.00511_55.0,55.0,57.641498424716495,56.31370816397757,56.165686430557685,57.72059042106568
NbThermo.00512_56.0,56.0,57.6976390117824,58.15708117053614,58.0900784353259,59.296444159042416
NbThermo.00513_67.0,67.0,62.033316786621896,63.25714393182048,66.219768840245,63.38408714475076
NbThermo.00514_56.0,56.0,56.72111221855675,58.23299796231839,57.8578508754198,57.10983113258277
NbThermo.00515_58.0,58.0,60.08045330807799,58.025851671447086,57.73239771120721,59.62361248795487
NbThermo.00516_60.0,60.0,58.71426941275035,57.96877333487928,57.62450601078196,60.193490983516995
NbThermo.00517_71.0,71.0,66.91732552376948,66.70838892940117,69.33615836466223,66.70609569091123
NbThermo.00518_71.0,71.0,70.09411845831305,65.9006473042615,71.3189658747539,70.73736598192734
NbThermo.00519_65.0,65.0,69.21333776703358,70.3476358239305,69.83296218918717,71.99990892052774
bioGUNE/WT_60.16,60.16,44.98412928015587,43.39660773688509,57.98338940155717,52.27458734890463
bioGUNE/V80A_58.1,58.1,41.37516765553886,46.90291162983381,59.30853202567935,48.458780822238346
bioGUNE/I71A_49.78,49.78,40.98400272121364,41.37189121141154,58.26788765860725,54.87240672142331
bioGUNE/L21A_40.66,40.66,43.9846109813376,44.71521768155842,55.32005610852664,51.117823926876255
bioGUNE/C21A/C90A_39.4,39.4,35.31303366036818,33.72569516675514,41.01085642593695,40.491679164062326
bioGUNE/C21A_37.1,37.1,38.744835474391216,33.304411086924034,45.77652769849749,45.39228290964316
bioGUNE/L82A_35.66,35.66,33.85767664275879,38.51709642618621,33.130269674119255,37.658136767920595
bioGUNE/C21G_34.05,34.05,36.662941819394646,36.93148240651205,42.28526149705014,40.219237090524885
bioGUNE/L82A/S7C_33.41,33.41,32.82268351984462,31.889749517559764,48.26346148376592,37.658136767920595
bioGUNE/C21G/C90A_33.17,33.17,37.9846098303336,38.037772767064574,43.48126830118776,38.95166657763917
bioGUNE/L82A/A74C_33.12,33.12,34.90192216457935,30.8715597306784,34.57776581407799,37.87290715620864
bioGUNE/C21G/C90M_32.6,32.6,29.91213168315985,33.36593466042518,32.1250416707067,30.171695779862034
bioGUNE/C21G/C90W_32.31,32.31,32.277804644529226,36.16041994528379,39.27143872929074,33.931940660655364
bioGUNE/C21A/C90M_32.3,32.3,34.54324235633466,32.07925232244554,42.441759467524335,39.41165162169308
bioGUNE/L82A/D72C_32.16,32.16,33.813725723182344,35.91624820112388,35.9098443414872,37.19772392365098
bioGUNE/C21S/C90S_32.13,32.13,34.49066263729088,32.770575114510585,52.51826727244128,41.71268623581415
bioGUNE/L82A/K75C_32.03,32.03,34.98112394461743,35.7076933901278,38.21540060047202,38.00358461703853
bioGUNE/L82A/Q105C_29.6,29.6,35.006735649097685,38.49054773319848,34.90197218395602,37.90610633517713
bioGUNE/W37A_26.64,26.64,42.54685151952929,39.290387255460274,54.98186286331263,51.63465095722244
H11-D4_67.6,67.6,67.29187389033147,67.55595503594063,66.97351296131254,66.5434760370685
H11-D4/T111H_67.1,67.1,67.5280969704377,67.349768244784,66.96622127005898,66.84268027350403
H11-D4/Y88P/T111H_71.7,71.7,72.38269552285013,71.66891584850227,72.08484908476254,71.14996859875684
H11-D4/Y88P/W112I_73.7,73.7,72.85331470969778,74.14752963654823,72.63735886233526,72.68122851289914
H11-D4/Y88P/T111H/W112I_73.25,73.25,73.2906972802479,73.3029962004486,71.16985514647132,73.52193848810627
H11-H4_63.6,63.6,63.10914256697056,63.196042580175394,64.32449410673402,65.61398806803155
H11-H4/Y88P_69.6,69.6,69.44666064851616,69.79146299540777,70.21418970698898,70.04416231617084
H11-H4/T111H_63.2,63.2,63.7319645467201,63.478511275346754,67.08085994100027,65.73822768271539
H11-H4/Y88P/T111H_69.45,69.45,69.44412670230018,69.2713939031508,71.03401943625346,69.4474194742989
H11-H4/Y88P/L106P/T111H_70.2,70.2,68.44997502179658,67.08845847547433,70.9991224255823,69.4474194742989
Nb.B201_WT_70.1,70.1,73.44165564541277,73.40469654085118,72.51073710136484,73.3381896632332
Nb.B201_A31D_72.65,72.65,76.20301054924761,77.98138807651748,74.90559922023746,77.08462136988737
Nb.B201_H53P_70.45,70.45,76.01725106650662,75.53153793717377,73.22461958928263,76.73725635161085
Nb.B201_H53R_71.3,71.3,71.31130263984954,74.47331286829248,71.61386418264989,75.30055255814199
Nb.B201_T55D_76.6,76.6,76.49722406734386,76.9962010786596,75.69957312430476,76.35391022008125
Nb.B201_T55G_80.65,80.65,76.38809651084625,78.65949419688354,80.04005416588963,74.86024255309967
Nb.B201_T100K_74.65,74.65,73.78427027753743,73.10552622232663,74.94457407333516,74.44935871224271
Nb.B201_T100R_73.1,73.1,75.30423423041013,72.78196985262173,75.12099241368259,73.55574132001733
Nb.B201_A31D/T55D_78.5,78.5,77.82376136288244,77.62157720030737,77.45656545958376,76.70163266948282
Nb.B201_A31D/T55G_82.9,82.9,78.19140283214547,80.58824395380306,80.92748574721757,76.53887854842878
Nb.B201_H53P/T55G_80.4,80.4,74.43498468945492,75.78176956614149,77.71165696886442,74.60717230260494
Nb.B201_A31D/H53P/T55G_82.0,82.0,76.71708424140542,78.67540862901677,78.56913461778869,76.17607598967578
Nb.B201_A31D/H53P/T55G/T100K_83.7,83.7,77.4062010371746,79.46400300379102,79.14265483932051,76.31766140911634
